fiscal_year,base_year,group_code,cmdty_code,description,fy_avg_index
2015-2016,2007-08,00,00,General,203.82
2016-2017,2007-08,00,00,General,212.29
2017-2018,2007-08,00,00,General,220.62
2018-2019,2007-08,00,00,General,236.81
2015-2016,2007-08,01,00,Food and non-alcoholic Beverages,219.42
2016-2017,2007-08,01,00,Food and non-alcoholic Beverages,226.59
2017-2018,2007-08,01,00,Food and non-alcoholic Beverages,232.95
2018-2019,2007-08,01,00,Food and non-alcoholic Beverages,242.62
2015-2016,2007-08,01,01,Wheat,200
2016-2017,2007-08,01,01,Wheat,200.21
2017-2018,2007-08,01,01,Wheat,198.33
2018-2019,2007-08,01,01,Wheat,206.34
2015-2016,2007-08,01,02,Wheat Flour,212.8
2016-2017,2007-08,01,02,Wheat Flour,210.8
2017-2018,2007-08,01,02,Wheat Flour,208.76
2018-2019,2007-08,01,02,Wheat Flour,215.67
2015-2016,2007-08,01,03,Wheat Product,214.07
2016-2017,2007-08,01,03,Wheat Product,216.32
2017-2018,2007-08,01,03,Wheat Product,213.6
2018-2019,2007-08,01,03,Wheat Product,216.19
2015-2016,2007-08,01,04,Besan,260.76
2016-2017,2007-08,01,04,Besan,318.25
2017-2018,2007-08,01,04,Besan,273.86
2018-2019,2007-08,01,04,Besan,270.58
2015-2016,2007-08,01,05,Rice,161.27
2016-2017,2007-08,01,05,Rice,165.85
2017-2018,2007-08,01,05,Rice,187.58
2018-2019,2007-08,01,05,Rice,201.21
2015-2016,2007-08,01,06,Cereals,245.51
2016-2017,2007-08,01,06,Cereals,252.54
2017-2018,2007-08,01,06,Cereals,258.74
2018-2019,2007-08,01,06,Cereals,268.16
2015-2016,2007-08,01,07,Bakery & Confectionary,210.97
2016-2017,2007-08,01,07,Bakery & Confectionary,216.54
2017-2018,2007-08,01,07,Bakery & Confectionary,222.53
2018-2019,2007-08,01,07,Bakery & Confectionary,232.14
2015-2016,2007-08,01,08,Nimco,243.77
2016-2017,2007-08,01,08,Nimco,250.99
2017-2018,2007-08,01,08,Nimco,257.43
2018-2019,2007-08,01,08,Nimco,262.48
2015-2016,2007-08,01,09,Meat,257.37
2016-2017,2007-08,01,09,Meat,268.34
2017-2018,2007-08,01,09,Meat,290.22
2018-2019,2007-08,01,09,Meat,326.27
2015-2016,2007-08,01,10,Chicken,183.21
2016-2017,2007-08,01,10,Chicken,175.85
2017-2018,2007-08,01,10,Chicken,192.73
2018-2019,2007-08,01,10,Chicken,192.17
2015-2016,2007-08,01,11,Fish,217.24
2016-2017,2007-08,01,11,Fish,217.8
2017-2018,2007-08,01,11,Fish,220.83
2018-2019,2007-08,01,11,Fish,234.06
2015-2016,2007-08,01,12,Milk Fresh,258.59
2016-2017,2007-08,01,12,Milk Fresh,268.64
2017-2018,2007-08,01,12,Milk Fresh,278.89
2018-2019,2007-08,01,12,Milk Fresh,289.86
2015-2016,2007-08,01,13,Milk Products,250.21
2016-2017,2007-08,01,13,Milk Products,258.47
2017-2018,2007-08,01,13,Milk Products,270.16
2018-2019,2007-08,01,13,Milk Products,282.06
2015-2016,2007-08,01,14,Milk Powder,232.09
2016-2017,2007-08,01,14,Milk Powder,235.94
2017-2018,2007-08,01,14,Milk Powder,238.24
2018-2019,2007-08,01,14,Milk Powder,253.69
2015-2016,2007-08,01,15,Eggs,183.55
2016-2017,2007-08,01,15,Eggs,206.4
2017-2018,2007-08,01,15,Eggs,212.85
2018-2019,2007-08,01,15,Eggs,208.7
2015-2016,2007-08,01,16,Mustard Oil,154.27
2016-2017,2007-08,01,16,Mustard Oil,156.53
2017-2018,2007-08,01,16,Mustard Oil,162.27
2018-2019,2007-08,01,16,Mustard Oil,166.75
2015-2016,2007-08,01,17,Cooking Oil,134.92
2016-2017,2007-08,01,17,Cooking Oil,135.4
2017-2018,2007-08,01,17,Cooking Oil,139.04
2018-2019,2007-08,01,17,Cooking Oil,146.2
2015-2016,2007-08,01,18,Vegetable Ghee,137.37
2016-2017,2007-08,01,18,Vegetable Ghee,140.08
2017-2018,2007-08,01,18,Vegetable Ghee,143.88
2018-2019,2007-08,01,18,Vegetable Ghee,151.93
2015-2016,2007-08,01,19,Dry Fruits,257.88
2016-2017,2007-08,01,19,Dry Fruits,263.94
2017-2018,2007-08,01,19,Dry Fruits,275.12
2018-2019,2007-08,01,19,Dry Fruits,303.55
2015-2016,2007-08,01,20,Fresh Fruits,228.57
2016-2017,2007-08,01,20,Fresh Fruits,247.03
2017-2018,2007-08,01,20,Fresh Fruits,260.19
2018-2019,2007-08,01,20,Fresh Fruits,264.93
2015-2016,2007-08,01,21,Pulse Masoor,202.64
2016-2017,2007-08,01,21,Pulse Masoor,199.18
2017-2018,2007-08,01,21,Pulse Masoor,165.55
2018-2019,2007-08,01,21,Pulse Masoor,162.94
2015-2016,2007-08,01,22,Pulse Moong,300.52
2016-2017,2007-08,01,22,Pulse Moong,267.67
2017-2018,2007-08,01,22,Pulse Moong,224.85
2018-2019,2007-08,01,22,Pulse Moong,245.26
2015-2016,2007-08,01,23,Pulse Mash (Washed),324.57
2016-2017,2007-08,01,23,Pulse Mash (Washed),319.49
2017-2018,2007-08,01,23,Pulse Mash (Washed),237.81
2018-2019,2007-08,01,23,Pulse Mash (Washed),217.81
2015-2016,2007-08,01,24,Pulse Gram,270.38
2016-2017,2007-08,01,24,Pulse Gram,331.47
2017-2018,2007-08,01,24,Pulse Gram,267.03
2018-2019,2007-08,01,24,Pulse Gram,274.71
2015-2016,2007-08,01,25,Gram Whole,225.17
2016-2017,2007-08,01,25,Gram Whole,299.46
2017-2018,2007-08,01,25,Gram Whole,286.51
2018-2019,2007-08,01,25,Gram Whole,265.4
2015-2016,2007-08,01,26,Beans,233.44
2016-2017,2007-08,01,26,Beans,232.77
2017-2018,2007-08,01,26,Beans,243.43
2018-2019,2007-08,01,26,Beans,258.15
2015-2016,2007-08,01,27,Potatoes,169.72
2016-2017,2007-08,01,27,Potatoes,224.21
2017-2018,2007-08,01,27,Potatoes,225.5
2018-2019,2007-08,01,27,Potatoes,186.35
2015-2016,2007-08,01,28,Onion,267.69
2016-2017,2007-08,01,28,Onion,178.71
2017-2018,2007-08,01,28,Onion,299.59
2018-2019,2007-08,01,28,Onion,227.55
2015-2016,2007-08,01,29,Tomatoes,159.16
2016-2017,2007-08,01,29,Tomatoes,171
2017-2018,2007-08,01,29,Tomatoes,185.15
2018-2019,2007-08,01,29,Tomatoes,214.89
2015-2016,2007-08,01,30,Fresh Vegetables,226.21
2016-2017,2007-08,01,30,Fresh Vegetables,263.51
2017-2018,2007-08,01,30,Fresh Vegetables,253.27
2018-2019,2007-08,01,30,Fresh Vegetables,260.76
2015-2016,2007-08,01,31,Sugar,223.1
2016-2017,2007-08,01,31,Sugar,232.6
2017-2018,2007-08,01,31,Sugar,194.84
2018-2019,2007-08,01,31,Sugar,213.57
2015-2016,2007-08,01,32,Gur,275.28
2016-2017,2007-08,01,32,Gur,272.89
2017-2018,2007-08,01,32,Gur,252.69
2018-2019,2007-08,01,32,Gur,271.69
2015-2016,2007-08,01,33,Honey,306.23
2016-2017,2007-08,01,33,Honey,320.6
2017-2018,2007-08,01,33,Honey,338.72
2018-2019,2007-08,01,33,Honey,377.06
2015-2016,2007-08,01,34,SweetMeat,239.27
2016-2017,2007-08,01,34,SweetMeat,246.41
2017-2018,2007-08,01,34,SweetMeat,258.37
2018-2019,2007-08,01,34,SweetMeat,276.66
2015-2016,2007-08,01,35,Beverages,217.16
2016-2017,2007-08,01,35,Beverages,221
2017-2018,2007-08,01,35,Beverages,227.69
2018-2019,2007-08,01,35,Beverages,235.03
2015-2016,2007-08,01,36,"Jam, Tomato Ketchup & Pickles",212.06
2016-2017,2007-08,01,36,"Jam, Tomato Ketchup & Pickles",216.6
2017-2018,2007-08,01,36,"Jam, Tomato Ketchup & Pickles",224.33
2018-2019,2007-08,01,36,"Jam, Tomato Ketchup & Pickles",237.91
2015-2016,2007-08,01,37,Condiments,260.52
2016-2017,2007-08,01,37,Condiments,265.66
2017-2018,2007-08,01,37,Condiments,276.57
2018-2019,2007-08,01,37,Condiments,293.64
2015-2016,2007-08,01,38,Spices,238.66
2016-2017,2007-08,01,38,Spices,239
2017-2018,2007-08,01,38,Spices,240.88
2018-2019,2007-08,01,38,Spices,275.47
2015-2016,2007-08,01,39,Tea,263.77
2016-2017,2007-08,01,39,Tea,269.2
2017-2018,2007-08,01,39,Tea,291.01
2018-2019,2007-08,01,39,Tea,314.86
2015-2016,2007-08,02,00,"Alcoholic Beverages, Tobacco",329.25
2016-2017,2007-08,02,00,"Alcoholic Beverages, Tobacco",368.88
2017-2018,2007-08,02,00,"Alcoholic Beverages, Tobacco",310.09
2018-2019,2007-08,02,00,"Alcoholic Beverages, Tobacco",345.33
2015-2016,2007-08,02,40,Cigarettes,330.94
2016-2017,2007-08,02,40,Cigarettes,370.93
2017-2018,2007-08,02,40,Cigarettes,306.7
2018-2019,2007-08,02,40,Cigarettes,340.97
2015-2016,2007-08,02,41,Betel Leaves & Nuts,226.68
2016-2017,2007-08,02,41,Betel Leaves & Nuts,244.19
2017-2018,2007-08,02,41,Betel Leaves & Nuts,515.94
2018-2019,2007-08,02,41,Betel Leaves & Nuts,610.21
2015-2016,2007-08,03,00,Clothing and footwear,224.18
2016-2017,2007-08,03,00,Clothing and footwear,233.36
2017-2018,2007-08,03,00,Clothing and footwear,244.45
2018-2019,2007-08,03,00,Clothing and footwear,260.88
2015-2016,2007-08,03,42,Cotton Cloth,217.63
2016-2017,2007-08,03,42,Cotton Cloth,226.7
2017-2018,2007-08,03,42,Cotton Cloth,237.03
2018-2019,2007-08,03,42,Cotton Cloth,255.58
2015-2016,2007-08,03,43,Woolen Cloth,239.78
2016-2017,2007-08,03,43,Woolen Cloth,251.59
2017-2018,2007-08,03,43,Woolen Cloth,261.85
2018-2019,2007-08,03,43,Woolen Cloth,276.43
2015-2016,2007-08,03,44,Readymade Garments,229.64
2016-2017,2007-08,03,44,Readymade Garments,240.1
2017-2018,2007-08,03,44,Readymade Garments,253.67
2018-2019,2007-08,03,44,Readymade Garments,269.12
2015-2016,2007-08,03,45,Woolen Readymade Garments,250.53
2016-2017,2007-08,03,45,Woolen Readymade Garments,258.47
2017-2018,2007-08,03,45,Woolen Readymade Garments,264
2018-2019,2007-08,03,45,Woolen Readymade Garments,280.93
2015-2016,2007-08,03,46,Hosiery,237.4
2016-2017,2007-08,03,46,Hosiery,245.18
2017-2018,2007-08,03,46,Hosiery,256.72
2018-2019,2007-08,03,46,Hosiery,273.73
2015-2016,2007-08,03,47,Dopatta,237.17
2016-2017,2007-08,03,47,Dopatta,242.86
2017-2018,2007-08,03,47,Dopatta,252.52
2018-2019,2007-08,03,47,Dopatta,271.86
2015-2016,2007-08,03,48,Cleaning and Laundry,247.68
2016-2017,2007-08,03,48,Cleaning and Laundry,260.1
2017-2018,2007-08,03,48,Cleaning and Laundry,279.83
2018-2019,2007-08,03,48,Cleaning and Laundry,298.84
2015-2016,2007-08,03,49,Tailoring,287.03
2016-2017,2007-08,03,49,Tailoring,308.37
2017-2018,2007-08,03,49,Tailoring,333.34
2018-2019,2007-08,03,49,Tailoring,356.44
2015-2016,2007-08,03,50,Footwear,165.43
2016-2017,2007-08,03,50,Footwear,166.83
2017-2018,2007-08,03,50,Footwear,170.26
2018-2019,2007-08,03,50,Footwear,180.7
2016-2017,2007-08,04,00,"Housing, water, Elec., Gas and other fuels",192.91
2017-2018,2007-08,04,00,"Housing, water, Elec., Gas and other fuels",202.5
2018-2019,2007-08,04,00,"Housing, water, Elec., Gas and other fuels",221.07
2015-2016,2007-08,04,51,House Rent,172.62
2016-2017,2007-08,04,51,House Rent,183.85
2017-2018,2007-08,04,51,House Rent,195.87
2018-2019,2007-08,04,51,House Rent,209.97
2015-2016,2007-08,04,52,Construction Input Items,242.17
2016-2017,2007-08,04,52,Construction Input Items,249.21
2017-2018,2007-08,04,52,Construction Input Items,261.37
2018-2019,2007-08,04,52,Construction Input Items,290.14
2015-2016,2007-08,04,53,Construction Wage Rates,222.79
2016-2017,2007-08,04,53,Construction Wage Rates,234.38
2017-2018,2007-08,04,53,Construction Wage Rates,253.39
2018-2019,2007-08,04,53,Construction Wage Rates,276.08
2015-2016,2007-08,04,54,Water Supply,154.91
2016-2017,2007-08,04,54,Water Supply,165.7
2017-2018,2007-08,04,54,Water Supply,175.5
2018-2019,2007-08,04,54,Water Supply,193.75
2015-2016,2007-08,04,55,Electricity,237.82
2016-2017,2007-08,04,55,Electricity,238.1
2017-2018,2007-08,04,55,Electricity,238.1
2018-2019,2007-08,04,55,Electricity,248.19
2015-2016,2007-08,04,56,Gas,155.7
2016-2017,2007-08,04,56,Gas,158.08
2017-2018,2007-08,04,56,Gas,158.08
2018-2019,2007-08,04,56,Gas,259.23
2015-2016,2007-08,04,57,Kerosene Oil,203.72
2016-2017,2007-08,04,57,Kerosene Oil,197.38
2017-2018,2007-08,04,57,Kerosene Oil,231.67
2018-2019,2007-08,04,57,Kerosene Oil,279.21
2015-2016,2007-08,04,58,Firewood Whole,280.89
2016-2017,2007-08,04,58,Firewood Whole,288.4
2017-2018,2007-08,04,58,Firewood Whole,296.65
2018-2019,2007-08,04,58,Firewood Whole,304.14
2016-2017,2007-08,05,00,Furnishing and household equipment maintenance,223.9
2017-2018,2007-08,05,00,Furnishing and household equipment maintenance,233.06
2018-2019,2007-08,05,00,Furnishing and household equipment maintenance,251.44
2015-2016,2007-08,05,59,Furniture,208.32
2016-2017,2007-08,05,59,Furniture,215.09
2017-2018,2007-08,05,59,Furniture,226.64
2018-2019,2007-08,05,59,Furniture,247.64
2015-2016,2007-08,05,60,Household Textiles,215.88
2016-2017,2007-08,05,60,Household Textiles,225.01
2017-2018,2007-08,05,60,Household Textiles,235.6
2018-2019,2007-08,05,60,Household Textiles,249.69
2015-2016,2007-08,05,61,Household Equipment,176.48
2016-2017,2007-08,05,61,Household Equipment,179.85
2017-2018,2007-08,05,61,Household Equipment,185.23
2018-2019,2007-08,05,61,Household Equipment,197.78
2015-2016,2007-08,05,62,Utensils,219.64
2016-2017,2007-08,05,62,Utensils,226.81
2017-2018,2007-08,05,62,Utensils,240.46
2018-2019,2007-08,05,62,Utensils,266.56
2015-2016,2007-08,05,63,Plastic Products,205.56
2016-2017,2007-08,05,63,Plastic Products,208.83
2017-2018,2007-08,05,63,Plastic Products,217.45
2018-2019,2007-08,05,63,Plastic Products,238.46
2015-2016,2007-08,05,64,Washing Soaps & Detergents,225.83
2016-2017,2007-08,05,64,Washing Soaps & Detergents,229.85
2017-2018,2007-08,05,64,Washing Soaps & Detergents,235.19
2018-2019,2007-08,05,64,Washing Soaps & Detergents,254.84
2015-2016,2007-08,05,65,Sewing Needle & Dr Cell,203.43
2016-2017,2007-08,05,65,Sewing Needle & Dr Cell,205.2
2017-2018,2007-08,05,65,Sewing Needle & Dr Cell,211.82
2018-2019,2007-08,05,65,Sewing Needle & Dr Cell,227.48
2015-2016,2007-08,05,66,Household Servant,240.87
2016-2017,2007-08,05,66,Household Servant,250.51
2017-2018,2007-08,05,66,Household Servant,262.13
2018-2019,2007-08,05,66,Household Servant,282.01
2015-2016,2007-08,05,67,Marriage Hall Charges,236.43
2016-2017,2007-08,05,67,Marriage Hall Charges,244.78
2017-2018,2007-08,05,67,Marriage Hall Charges,254.38
2018-2019,2007-08,05,67,Marriage Hall Charges,273.69
2015-2016,2007-08,06,00,Health,182.69
2016-2017,2007-08,06,00,Health,201.82
2017-2018,2007-08,06,00,Health,218.13
2018-2019,2007-08,06,00,Health,235.29
2015-2016,2007-08,06,68,Drugs & Medicines,150.56
2016-2017,2007-08,06,68,Drugs & Medicines,171.59
2017-2018,2007-08,06,68,Drugs & Medicines,187.03
2018-2019,2007-08,06,68,Drugs & Medicines,199.97
2015-2016,2007-08,06,69,Medical Equipments,228.24
2016-2017,2007-08,06,69,Medical Equipments,246.34
2017-2018,2007-08,06,69,Medical Equipments,255.66
2018-2019,2007-08,06,69,Medical Equipments,270.76
2015-2016,2007-08,06,70,Doctor (MBBS) Clinic Fee,250.86
2016-2017,2007-08,06,70,Doctor (MBBS) Clinic Fee,271.62
2017-2018,2007-08,06,70,Doctor (MBBS) Clinic Fee,291.62
2018-2019,2007-08,06,70,Doctor (MBBS) Clinic Fee,317.64
2015-2016,2007-08,06,71,Medical Tests,182.93
2016-2017,2007-08,06,71,Medical Tests,191.64
2017-2018,2007-08,06,71,Medical Tests,204.77
2018-2019,2007-08,06,71,Medical Tests,222.36
2015-2016,2007-08,07,00,Transport,174.26
2016-2017,2007-08,07,00,Transport,172.93
2017-2018,2007-08,07,00,Transport,182.18
2018-2019,2007-08,07,00,Transport,211.5
2015-2016,2007-08,07,72,Motor Vehicles,164.18
2016-2017,2007-08,07,72,Motor Vehicles,171.97
2017-2018,2007-08,07,72,Motor Vehicles,180.95
2018-2019,2007-08,07,72,Motor Vehicles,203.45
2015-2016,2007-08,07,73,Motor Vehicle Accessories,223.13
2016-2017,2007-08,07,73,Motor Vehicle Accessories,213.17
2017-2018,2007-08,07,73,Motor Vehicle Accessories,214.8
2018-2019,2007-08,07,73,Motor Vehicle Accessories,231.62
2015-2016,2007-08,07,74,Motor Fuel,144.87
2016-2017,2007-08,07,74,Motor Fuel,141.88
2017-2018,2007-08,07,74,Motor Fuel,157.75
2018-2019,2007-08,07,74,Motor Fuel,193.25
2015-2016,2007-08,07,75,Mechanical Service,221
2016-2017,2007-08,07,75,Mechanical Service,228.76
2017-2018,2007-08,07,75,Mechanical Service,236.26
2018-2019,2007-08,07,75,Mechanical Service,251.92
2015-2016,2007-08,07,76,Motor Vehicle Tax,210.18
2016-2017,2007-08,07,76,Motor Vehicle Tax,210.18
2017-2018,2007-08,07,76,Motor Vehicle Tax,210.18
2018-2019,2007-08,07,76,Motor Vehicle Tax,210.63
2015-2016,2007-08,07,77,Transport Services,195.89
2016-2017,2007-08,07,77,Transport Services,193.38
2017-2018,2007-08,07,77,Transport Services,196.64
2018-2019,2007-08,07,77,Transport Services,225.33
2015-2016,2007-08,08,00,Communication,130.56
2016-2017,2007-08,08,00,Communication,131.79
2017-2018,2007-08,08,00,Communication,133.26
2018-2019,2007-08,08,00,Communication,141.29
2015-2016,2007-08,08,78,Postal Services,234.26
2016-2017,2007-08,08,78,Postal Services,245.22
2017-2018,2007-08,08,78,Postal Services,257.97
2018-2019,2007-08,08,78,Postal Services,278.83
2015-2016,2007-08,08,79,Communication & Apparatus,128.38
2016-2017,2007-08,08,79,Communication & Apparatus,129.4
2017-2018,2007-08,08,79,Communication & Apparatus,130.65
2018-2019,2007-08,08,79,Communication & Apparatus,138.4
2015-2016,2007-08,09,00,Recreation and culture,194.2
2016-2017,2007-08,09,00,Recreation and culture,196.31
2017-2018,2007-08,09,00,Recreation and culture,200.24
2018-2019,2007-08,09,00,Recreation and culture,215.9
2015-2016,2007-08,09,80,Recreation & Culture,128.56
2016-2017,2007-08,09,80,Recreation & Culture,129.54
2017-2018,2007-08,09,80,Recreation & Culture,131.31
2018-2019,2007-08,09,80,Recreation & Culture,137.43
2015-2016,2007-08,09,81,Text Books,291.06
2016-2017,2007-08,09,81,Text Books,291.3
2017-2018,2007-08,09,81,Text Books,292.05
2018-2019,2007-08,09,81,Text Books,310.21
2015-2016,2007-08,09,82,Newspapers,175.45
2016-2017,2007-08,09,82,Newspapers,178.13
2017-2018,2007-08,09,82,Newspapers,190.34
2018-2019,2007-08,09,82,Newspapers,229.04
2015-2016,2007-08,09,83,Stationery,206.93
2016-2017,2007-08,09,83,Stationery,213.94
2017-2018,2007-08,09,83,Stationery,223.14
2018-2019,2007-08,09,83,Stationery,244.74
2015-2016,2007-08,10,00,Education,213.02
2016-2017,2007-08,10,00,Education,235.65
2017-2018,2007-08,10,00,Education,264.79
2018-2019,2007-08,10,00,Education,289.97
2015-2016,2007-08,10,84,Education,213.02
2016-2017,2007-08,10,84,Education,235.65
2017-2018,2007-08,10,84,Education,264.79
2018-2019,2007-08,10,84,Education,289.97
2015-2016,2007-08,11,00,Restaurants and hotels,256.79
2016-2017,2007-08,11,00,Restaurants and hotels,269.92
2017-2018,2007-08,11,00,Restaurants and hotels,285.88
2018-2019,2007-08,11,00,Restaurants and hotels,302.04
2015-2016,2007-08,11,85,Readymade Food,256.79
2016-2017,2007-08,11,85,Readymade Food,269.92
2017-2018,2007-08,11,85,Readymade Food,285.88
2018-2019,2007-08,11,85,Readymade Food,302.04
2015-2016,2007-08,12,00,Misc. goods and services,228.22
2016-2017,2007-08,12,00,Misc. goods and services,240.23
2017-2018,2007-08,12,00,Misc. goods and services,254.99
2018-2019,2007-08,12,00,Misc. goods and services,276.48
2015-2016,2007-08,12,86,Personal Care,211.22
2016-2017,2007-08,12,86,Personal Care,221
2017-2018,2007-08,12,86,Personal Care,233.33
2018-2019,2007-08,12,86,Personal Care,247.18
2015-2016,2007-08,12,87,Cosmetics,195.77
2016-2017,2007-08,12,87,Cosmetics,202.17
2017-2018,2007-08,12,87,Cosmetics,210.56
2018-2019,2007-08,12,87,Cosmetics,232.2
2015-2016,2007-08,12,88,Blades,192.73
2016-2017,2007-08,12,88,Blades,196.1
2017-2018,2007-08,12,88,Blades,200.83
2018-2019,2007-08,12,88,Blades,214.74
2015-2016,2007-08,12,89,Personal Equipments,274.48
2016-2017,2007-08,12,89,Personal Equipments,293.33
2017-2018,2007-08,12,89,Personal Equipments,315.68
2018-2019,2007-08,12,89,Personal Equipments,350.9
2019-2020,2015-16,00,00,General,129.99
2020-2021,2015-16,00,00,General,140.57
2021-2022,2015-16,00,00,General,157.19
2022-2023,2015-16,00,00,General,199.39
2023-2024,2015-16,00,00,General,247.49
2024-2025,2015-16,00,00,General,260.64
2025-2026,2015-16,00,00,General,279.21
2019-2020,2015-16,01,00,Food and non-alcoholic Beverages,128.81
2020-2021,2015-16,01,00,Food and non-alcoholic Beverages,145.67
2021-2022,2015-16,01,00,Food and non-alcoholic Beverages,165.58
2022-2023,2015-16,01,00,Food and non-alcoholic Beverages,226.75
2023-2024,2015-16,01,00,Food and non-alcoholic Beverages,274.62
2024-2025,2015-16,01,00,Food and non-alcoholic Beverages,276.42
2025-2026,2015-16,01,00,Food and non-alcoholic Beverages,287.7
2019-2020,2015-16,01,01,Wheat,121.2
2020-2021,2015-16,01,01,Wheat,158.99
2021-2022,2015-16,01,01,Wheat,176.36
2022-2023,2015-16,01,01,Wheat,293.89
2023-2024,2015-16,01,01,Wheat,337.9
2024-2025,2015-16,01,01,Wheat,224.92
2025-2026,2015-16,01,01,Wheat,283.47
2019-2020,2015-16,01,02,Wheat flour,117.56
2020-2021,2015-16,01,02,Wheat flour,138.1
2021-2022,2015-16,01,02,Wheat flour,160.15
2022-2023,2015-16,01,02,Wheat flour,250.95
2023-2024,2015-16,01,02,Wheat flour,337.16
2024-2025,2015-16,01,02,Wheat flour,228.17
2025-2026,2015-16,01,02,Wheat flour,269.32
2019-2020,2015-16,01,03,Wheat products,120.29
2020-2021,2015-16,01,03,Wheat products,151.49
2021-2022,2015-16,01,03,Wheat products,172.66
2022-2023,2015-16,01,03,Wheat products,250.62
2023-2024,2015-16,01,03,Wheat products,318.23
2024-2025,2015-16,01,03,Wheat products,286.39
2025-2026,2015-16,01,03,Wheat products,293.99
2019-2020,2015-16,01,04,Besan,119.3
2020-2021,2015-16,01,04,Besan,122.37
2021-2022,2015-16,01,04,Besan,134.97
2022-2023,2015-16,01,04,Besan,201.78
2023-2024,2015-16,01,04,Besan,212.53
2024-2025,2015-16,01,04,Besan,284.65
2025-2026,2015-16,01,04,Besan,231.6
2019-2020,2015-16,01,05,Rice,130.36
2020-2021,2015-16,01,05,Rice,139.9
2021-2022,2015-16,01,05,Rice,155.49
2022-2023,2015-16,01,05,Rice,248.3
2023-2024,2015-16,01,05,Rice,328.28
2024-2025,2015-16,01,05,Rice,311.9
2025-2026,2015-16,01,05,Rice,328.53
2019-2020,2015-16,01,06,Bakery and confectionary,122.83
2020-2021,2015-16,01,06,Bakery and confectionary,141.05
2021-2022,2015-16,01,06,Bakery and confectionary,160.76
2022-2023,2015-16,01,06,Bakery and confectionary,219.1
2023-2024,2015-16,01,06,Bakery and confectionary,264.53
2024-2025,2015-16,01,06,Bakery and confectionary,264.54
2025-2026,2015-16,01,06,Bakery and confectionary,277.81
2019-2020,2015-16,01,07,Nimco,120.21
2020-2021,2015-16,01,07,Nimco,137.24
2021-2022,2015-16,01,07,Nimco,165.09
2022-2023,2015-16,01,07,Nimco,231.59
2023-2024,2015-16,01,07,Nimco,278.95
2024-2025,2015-16,01,07,Nimco,294.5
2025-2026,2015-16,01,07,Nimco,303.93
2019-2020,2015-16,01,08,Meat,141.53
2020-2021,2015-16,01,08,Meat,158.11
2021-2022,2015-16,01,08,Meat,190.79
2022-2023,2015-16,01,08,Meat,232.99
2023-2024,2015-16,01,08,Meat,278.19
2024-2025,2015-16,01,08,Meat,327.3
2025-2026,2015-16,01,08,Meat,363.83
2019-2020,2015-16,01,09,Chicken,120.03
2020-2021,2015-16,01,09,Chicken,149.49
2021-2022,2015-16,01,09,Chicken,165.85
2022-2023,2015-16,01,09,Chicken,241.83
2023-2024,2015-16,01,09,Chicken,280.07
2024-2025,2015-16,01,09,Chicken,300.53
2025-2026,2015-16,01,09,Chicken,271.88
2019-2020,2015-16,01,10,Fish,120.93
2020-2021,2015-16,01,10,Fish,114.54
2021-2022,2015-16,01,10,Fish,119.34
2022-2023,2015-16,01,10,Fish,141.12
2023-2024,2015-16,01,10,Fish,174.31
2024-2025,2015-16,01,10,Fish,208.53
2025-2026,2015-16,01,10,Fish,223.68
2019-2020,2015-16,01,11,Milk fresh,119.12
2020-2021,2015-16,01,11,Milk fresh,135.7
2021-2022,2015-16,01,11,Milk fresh,152.62
2022-2023,2015-16,01,11,Milk fresh,199.18
2023-2024,2015-16,01,11,Milk fresh,236.6
2024-2025,2015-16,01,11,Milk fresh,261
2025-2026,2015-16,01,11,Milk fresh,271.22
2019-2020,2015-16,01,12,Milk products,122.41
2020-2021,2015-16,01,12,Milk products,138.93
2021-2022,2015-16,01,12,Milk products,155.8
2022-2023,2015-16,01,12,Milk products,200.32
2023-2024,2015-16,01,12,Milk products,243.92
2024-2025,2015-16,01,12,Milk products,264.77
2025-2026,2015-16,01,12,Milk products,274.7
2019-2020,2015-16,01,13,Milk powder,125.09
2020-2021,2015-16,01,13,Milk powder,134.86
2021-2022,2015-16,01,13,Milk powder,147.89
2022-2023,2015-16,01,13,Milk powder,194.21
2023-2024,2015-16,01,13,Milk powder,249.81
2024-2025,2015-16,01,13,Milk powder,304.51
2025-2026,2015-16,01,13,Milk powder,326.77
2019-2020,2015-16,01,14,Eggs,124.1
2020-2021,2015-16,01,14,Eggs,178.54
2021-2022,2015-16,01,14,Eggs,187.83
2022-2023,2015-16,01,14,Eggs,291.08
2023-2024,2015-16,01,14,Eggs,342.17
2024-2025,2015-16,01,14,Eggs,335.52
2025-2026,2015-16,01,14,Eggs,330.34
2019-2020,2015-16,01,15,Butter,153.62
2020-2021,2015-16,01,15,Butter,184.18
2021-2022,2015-16,01,15,Butter,209.43
2022-2023,2015-16,01,15,Butter,299.52
2023-2024,2015-16,01,15,Butter,350.43
2024-2025,2015-16,01,15,Butter,406.53
2025-2026,2015-16,01,15,Butter,487.26
2019-2020,2015-16,01,16,Mustard oil,118.24
2020-2021,2015-16,01,16,Mustard oil,143.17
2021-2022,2015-16,01,16,Mustard oil,218.67
2022-2023,2015-16,01,16,Mustard oil,316.45
2023-2024,2015-16,01,16,Mustard oil,292.85
2024-2025,2015-16,01,16,Mustard oil,305.68
2025-2026,2015-16,01,16,Mustard oil,314.39
2019-2020,2015-16,01,17,Cooking oil,135.98
2020-2021,2015-16,01,17,Cooking oil,156.37
2021-2022,2015-16,01,17,Cooking oil,234.46
2022-2023,2015-16,01,17,Cooking oil,340.29
2023-2024,2015-16,01,17,Cooking oil,319.24
2024-2025,2015-16,01,17,Cooking oil,317.93
2025-2026,2015-16,01,17,Cooking oil,335.54
2019-2020,2015-16,01,18,Vegetable ghee,137.76
2020-2021,2015-16,01,18,Vegetable ghee,163.79
2021-2022,2015-16,01,18,Vegetable ghee,246.26
2022-2023,2015-16,01,18,Vegetable ghee,341.86
2023-2024,2015-16,01,18,Vegetable ghee,315.23
2024-2025,2015-16,01,18,Vegetable ghee,333.51
2025-2026,2015-16,01,18,Vegetable ghee,354.26
2019-2020,2015-16,01,19,Dry fruits,126.52
2020-2021,2015-16,01,19,Dry fruits,137.97
2021-2022,2015-16,01,19,Dry fruits,146.81
2022-2023,2015-16,01,19,Dry fruits,198.29
2023-2024,2015-16,01,19,Dry fruits,262.25
2024-2025,2015-16,01,19,Dry fruits,292.96
2025-2026,2015-16,01,19,Dry fruits,312.93
2019-2020,2015-16,01,20,Fresh fruits,129.24
2020-2021,2015-16,01,20,Fresh fruits,127.1
2021-2022,2015-16,01,20,Fresh fruits,150.16
2022-2023,2015-16,01,20,Fresh fruits,206.35
2023-2024,2015-16,01,20,Fresh fruits,207.7
2024-2025,2015-16,01,20,Fresh fruits,242.68
2025-2026,2015-16,01,20,Fresh fruits,265.67
2019-2020,2015-16,01,21,Pulse masoor,96.3
2020-2021,2015-16,01,21,Pulse masoor,105.23
2021-2022,2015-16,01,21,Pulse masoor,139
2022-2023,2015-16,01,21,Pulse masoor,194.66
2023-2024,2015-16,01,21,Pulse masoor,219.83
2024-2025,2015-16,01,21,Pulse masoor,208.12
2025-2026,2015-16,01,21,Pulse masoor,189.57
2019-2020,2015-16,01,22,Pulse moong,134.24
2020-2021,2015-16,01,22,Pulse moong,146.93
2021-2022,2015-16,01,22,Pulse moong,111.62
2022-2023,2015-16,01,22,Pulse moong,158.35
2023-2024,2015-16,01,22,Pulse moong,179.61
2024-2025,2015-16,01,22,Pulse moong,232.38
2025-2026,2015-16,01,22,Pulse moong,237.37
2019-2020,2015-16,01,23,Pulse mash,90.25
2020-2021,2015-16,01,23,Pulse mash,106.69
2021-2022,2015-16,01,23,Pulse mash,114.66
2022-2023,2015-16,01,23,Pulse mash,171.3
2023-2024,2015-16,01,23,Pulse mash,227.99
2024-2025,2015-16,01,23,Pulse mash,216.42
2025-2026,2015-16,01,23,Pulse mash,190.66
2019-2020,2015-16,01,24,Pulse gram,117.98
2020-2021,2015-16,01,24,Pulse gram,120.08
2021-2022,2015-16,01,24,Pulse gram,133.84
2022-2023,2015-16,01,24,Pulse gram,200.93
2023-2024,2015-16,01,24,Pulse gram,206.86
2024-2025,2015-16,01,24,Pulse gram,285.27
2025-2026,2015-16,01,24,Pulse gram,224.81
2019-2020,2015-16,01,25,Gram whohe,124.31
2020-2021,2015-16,01,25,Gram whohe,125.67
2021-2022,2015-16,01,25,Gram whohe,154.33
2022-2023,2015-16,01,25,Gram whohe,244.13
2023-2024,2015-16,01,25,Gram whohe,262.93
2024-2025,2015-16,01,25,Gram whohe,298.92
2025-2026,2015-16,01,25,Gram whohe,252.94
2019-2020,2015-16,01,26,Beans,126.99
2020-2021,2015-16,01,26,Beans,157.33
2021-2022,2015-16,01,26,Beans,178.18
2022-2023,2015-16,01,26,Beans,235.38
2023-2024,2015-16,01,26,Beans,337.69
2024-2025,2015-16,01,26,Beans,378.61
2025-2026,2015-16,01,26,Beans,353.8
2019-2020,2015-16,01,27,Potatoes,180.32
2020-2021,2015-16,01,27,Potatoes,221.36
2021-2022,2015-16,01,27,Potatoes,187.49
2022-2023,2015-16,01,27,Potatoes,254.26
2023-2024,2015-16,01,27,Potatoes,336.19
2024-2025,2015-16,01,27,Potatoes,353.7
2025-2026,2015-16,01,27,Potatoes,251.42
2019-2020,2015-16,01,28,Onions,147.17
2020-2021,2015-16,01,28,Onions,109.3
2021-2022,2015-16,01,28,Onions,119.41
2022-2023,2015-16,01,28,Onions,299.81
2023-2024,2015-16,01,28,Onions,337.02
2024-2025,2015-16,01,28,Onions,253.62
2025-2026,2015-16,01,28,Onions,201.64
2019-2020,2015-16,01,29,Tomatoes,155.77
2020-2021,2015-16,01,29,Tomatoes,165.08
2021-2022,2015-16,01,29,Tomatoes,196.54
2022-2023,2015-16,01,29,Tomatoes,215.85
2023-2024,2015-16,01,29,Tomatoes,272.59
2024-2025,2015-16,01,29,Tomatoes,249.16
2025-2026,2015-16,01,29,Tomatoes,262.59
2019-2020,2015-16,01,30,Fresh vegetables,147.67
2020-2021,2015-16,01,30,Fresh vegetables,145
2021-2022,2015-16,01,30,Fresh vegetables,160.66
2022-2023,2015-16,01,30,Fresh vegetables,201.35
2023-2024,2015-16,01,30,Fresh vegetables,251.53
2024-2025,2015-16,01,30,Fresh vegetables,258.99
2025-2026,2015-16,01,30,Fresh vegetables,246.33
2019-2020,2015-16,01,31,Sugar,122.83
2020-2021,2015-16,01,31,Sugar,151.63
2021-2022,2015-16,01,31,Sugar,152.62
2022-2023,2015-16,01,31,Sugar,160.54
2023-2024,2015-16,01,31,Sugar,233.6
2024-2025,2015-16,01,31,Sugar,244.14
2025-2026,2015-16,01,31,Sugar,267.39
2019-2020,2015-16,01,32,Gur,131.48
2020-2021,2015-16,01,32,Gur,144.54
2021-2022,2015-16,01,32,Gur,158.67
2022-2023,2015-16,01,32,Gur,168.01
2023-2024,2015-16,01,32,Gur,240.94
2024-2025,2015-16,01,32,Gur,245.38
2025-2026,2015-16,01,32,Gur,268.97
2019-2020,2015-16,01,33,Honey,116.82
2020-2021,2015-16,01,33,Honey,129.87
2021-2022,2015-16,01,33,Honey,148
2022-2023,2015-16,01,33,Honey,167.71
2023-2024,2015-16,01,33,Honey,177.59
2024-2025,2015-16,01,33,Honey,208.49
2025-2026,2015-16,01,33,Honey,222.61
2019-2020,2015-16,01,34,Sweetmeat,135.81
2020-2021,2015-16,01,34,Sweetmeat,148.4
2021-2022,2015-16,01,34,Sweetmeat,176.44
2022-2023,2015-16,01,34,Sweetmeat,227.22
2023-2024,2015-16,01,34,Sweetmeat,287.28
2024-2025,2015-16,01,34,Sweetmeat,316.97
2025-2026,2015-16,01,34,Sweetmeat,338.38
2019-2020,2015-16,01,35,Ice cream,123.81
2020-2021,2015-16,01,35,Ice cream,137.67
2021-2022,2015-16,01,35,Ice cream,147.15
2022-2023,2015-16,01,35,Ice cream,173.75
2023-2024,2015-16,01,35,Ice cream,198.24
2024-2025,2015-16,01,35,Ice cream,199.4
2025-2026,2015-16,01,35,Ice cream,205.24
2019-2020,2015-16,01,36,Condiments and Spices,152.4
2020-2021,2015-16,01,36,Condiments and Spices,203.71
2021-2022,2015-16,01,36,Condiments and Spices,195.86
2022-2023,2015-16,01,36,Condiments and Spices,198.71
2023-2024,2015-16,01,36,Condiments and Spices,315.1
2024-2025,2015-16,01,36,Condiments and Spices,344.72
2025-2026,2015-16,01,36,Condiments and Spices,378.44
2019-2020,2015-16,01,37,Dessert preparation,117.86
2020-2021,2015-16,01,37,Dessert preparation,128.63
2021-2022,2015-16,01,37,Dessert preparation,137.79
2022-2023,2015-16,01,37,Dessert preparation,210.85
2023-2024,2015-16,01,37,Dessert preparation,263.81
2024-2025,2015-16,01,37,Dessert preparation,269.31
2025-2026,2015-16,01,37,Dessert preparation,301.5
2019-2020,2015-16,01,38,Tea,138.39
2020-2021,2015-16,01,38,Tea,140.77
2021-2022,2015-16,01,38,Tea,152.28
2022-2023,2015-16,01,38,Tea,258.09
2023-2024,2015-16,01,38,Tea,342.19
2024-2025,2015-16,01,38,Tea,310.66
2025-2026,2015-16,01,38,Tea,273.67
2019-2020,2015-16,01,39,Beverages,122.25
2020-2021,2015-16,01,39,Beverages,128.81
2021-2022,2015-16,01,39,Beverages,137.36
2022-2023,2015-16,01,39,Beverages,172.78
2023-2024,2015-16,01,39,Beverages,235.88
2024-2025,2015-16,01,39,Beverages,255.13
2025-2026,2015-16,01,39,Beverages,263.59
2019-2020,2015-16,02,00,"Alcoholic Beverages, Tobacco",143.25
2020-2021,2015-16,02,00,"Alcoholic Beverages, Tobacco",151.95
2021-2022,2015-16,02,00,"Alcoholic Beverages, Tobacco",158.71
2022-2023,2015-16,02,00,"Alcoholic Beverages, Tobacco",265.28
2023-2024,2015-16,02,00,"Alcoholic Beverages, Tobacco",385.47
2024-2025,2015-16,02,00,"Alcoholic Beverages, Tobacco",410.51
2025-2026,2015-16,02,00,"Alcoholic Beverages, Tobacco",424.27
2019-2020,2015-16,02,40,Cigarettes,134.67
2020-2021,2015-16,02,40,Cigarettes,140.77
2021-2022,2015-16,02,40,Cigarettes,144.86
2022-2023,2015-16,02,40,Cigarettes,255.85
2023-2024,2015-16,02,40,Cigarettes,385.79
2024-2025,2015-16,02,40,Cigarettes,405.69
2025-2026,2015-16,02,40,Cigarettes,413.79
2019-2020,2015-16,02,41,Pan prepared,188.04
2020-2021,2015-16,02,41,Pan prepared,210.35
2021-2022,2015-16,02,41,Pan prepared,231.03
2022-2023,2015-16,02,41,Pan prepared,314.53
2023-2024,2015-16,02,41,Pan prepared,383.76
2024-2025,2015-16,02,41,Pan prepared,435.72
2025-2026,2015-16,02,41,Pan prepared,479.01
2019-2020,2015-16,03,00,Clothing and footwear,126.9
2020-2021,2015-16,03,00,Clothing and footwear,139.43
2021-2022,2015-16,03,00,Clothing and footwear,154.51
2022-2023,2015-16,03,00,Clothing and footwear,183.75
2023-2024,2015-16,03,00,Clothing and footwear,215.01
2024-2025,2015-16,03,00,Clothing and footwear,244.88
2025-2026,2015-16,03,00,Clothing and footwear,262.66
2019-2020,2015-16,03,42,Cotton cloth,128.03
2020-2021,2015-16,03,42,Cotton cloth,143.55
2021-2022,2015-16,03,42,Cotton cloth,159.26
2022-2023,2015-16,03,42,Cotton cloth,198.92
2023-2024,2015-16,03,42,Cotton cloth,247.76
2024-2025,2015-16,03,42,Cotton cloth,284.33
2025-2026,2015-16,03,42,Cotton cloth,302.62
2019-2020,2015-16,03,43,Woolen cloth,121.4
2020-2021,2015-16,03,43,Woolen cloth,135.89
2021-2022,2015-16,03,43,Woolen cloth,148.19
2022-2023,2015-16,03,43,Woolen cloth,177.78
2023-2024,2015-16,03,43,Woolen cloth,211.73
2024-2025,2015-16,03,43,Woolen cloth,234.99
2025-2026,2015-16,03,43,Woolen cloth,254.68
2019-2020,2015-16,03,44,Readymade garments,127.98
2020-2021,2015-16,03,44,Readymade garments,134.67
2021-2022,2015-16,03,44,Readymade garments,144.83
2022-2023,2015-16,03,44,Readymade garments,168.67
2023-2024,2015-16,03,44,Readymade garments,194.85
2024-2025,2015-16,03,44,Readymade garments,211.78
2025-2026,2015-16,03,44,Readymade garments,226.47
2019-2020,2015-16,03,45,Woolen readymade garments,122.46
2020-2021,2015-16,03,45,Woolen readymade garments,136.46
2021-2022,2015-16,03,45,Woolen readymade garments,151.59
2022-2023,2015-16,03,45,Woolen readymade garments,177.09
2023-2024,2015-16,03,45,Woolen readymade garments,213.21
2024-2025,2015-16,03,45,Woolen readymade garments,247.32
2025-2026,2015-16,03,45,Woolen readymade garments,267.63
2019-2020,2015-16,03,46,Tailoring,134.39
2020-2021,2015-16,03,46,Tailoring,144.23
2021-2022,2015-16,03,46,Tailoring,157.85
2022-2023,2015-16,03,46,Tailoring,187.69
2023-2024,2015-16,03,46,Tailoring,211
2024-2025,2015-16,03,46,Tailoring,230.91
2025-2026,2015-16,03,46,Tailoring,247.6
2019-2020,2015-16,03,47,Hosiry,125.72
2020-2021,2015-16,03,47,Hosiry,137.01
2021-2022,2015-16,03,47,Hosiry,151.75
2022-2023,2015-16,03,47,Hosiry,176.3
2023-2024,2015-16,03,47,Hosiry,203.9
2024-2025,2015-16,03,47,Hosiry,232.44
2025-2026,2015-16,03,47,Hosiry,242.66
2019-2020,2015-16,03,48,Dopatta,119.88
2020-2021,2015-16,03,48,Dopatta,127.51
2021-2022,2015-16,03,48,Dopatta,134.04
2022-2023,2015-16,03,48,Dopatta,154.02
2023-2024,2015-16,03,48,Dopatta,176.92
2024-2025,2015-16,03,48,Dopatta,199.08
2025-2026,2015-16,03,48,Dopatta,208.31
2019-2020,2015-16,03,49,Cleaning and laundring,128.75
2020-2021,2015-16,03,49,Cleaning and laundring,144.14
2021-2022,2015-16,03,49,Cleaning and laundring,171.03
2022-2023,2015-16,03,49,Cleaning and laundring,216.13
2023-2024,2015-16,03,49,Cleaning and laundring,249.97
2024-2025,2015-16,03,49,Cleaning and laundring,263.56
2025-2026,2015-16,03,49,Cleaning and laundring,284.45
2019-2020,2015-16,03,50,Footware,124.27
2020-2021,2015-16,03,50,Footware,138.67
2021-2022,2015-16,03,50,Footware,160.36
2022-2023,2015-16,03,50,Footware,180.91
2023-2024,2015-16,03,50,Footware,195
2024-2025,2015-16,03,50,Footware,238.03
2025-2026,2015-16,03,50,Footware,259.73
2019-2020,2015-16,04,00,"Housing, water, Elec., Gas and other fuels",130.02
2020-2021,2015-16,04,00,"Housing, water, Elec., Gas and other fuels",137.44
2021-2022,2015-16,04,00,"Housing, water, Elec., Gas and other fuels",150.58
2022-2023,2015-16,04,00,"Housing, water, Elec., Gas and other fuels",167.93
2023-2024,2015-16,04,00,"Housing, water, Elec., Gas and other fuels",225
2024-2025,2015-16,04,00,"Housing, water, Elec., Gas and other fuels",243.11
2025-2026,2015-16,04,00,"Housing, water, Elec., Gas and other fuels",266.02
2019-2020,2015-16,04,51,House rent,128.41
2020-2021,2015-16,04,51,House rent,134.82
2021-2022,2015-16,04,51,House rent,143.03
2022-2023,2015-16,04,51,House rent,150.77
2023-2024,2015-16,04,51,House rent,159.09
2024-2025,2015-16,04,51,House rent,167.09
2025-2026,2015-16,04,51,House rent,176.93
2019-2020,2015-16,04,52,Construcion input items,140.87
2020-2021,2015-16,04,52,Construcion input items,149
2021-2022,2015-16,04,52,Construcion input items,166
2022-2023,2015-16,04,52,Construcion input items,220
2023-2024,2015-16,04,52,Construcion input items,258.2
2024-2025,2015-16,04,52,Construcion input items,265.6
2025-2026,2015-16,04,52,Construcion input items,272.8
2019-2020,2015-16,04,53,Construction wage rates,145.92
2020-2021,2015-16,04,53,Construction wage rates,153.37
2021-2022,2015-16,04,53,Construction wage rates,165.06
2022-2023,2015-16,04,53,Construction wage rates,190.51
2023-2024,2015-16,04,53,Construction wage rates,211.23
2024-2025,2015-16,04,53,Construction wage rates,221.28
2025-2026,2015-16,04,53,Construction wage rates,234.57
2019-2020,2015-16,04,54,Water supply,131.17
2020-2021,2015-16,04,54,Water supply,156.06
2021-2022,2015-16,04,54,Water supply,163.54
2022-2023,2015-16,04,54,Water supply,171.38
2023-2024,2015-16,04,54,Water supply,196.62
2024-2025,2015-16,04,54,Water supply,221.67
2025-2026,2015-16,04,54,Water supply,238.53
2019-2020,2015-16,04,55,Garbage collection,151.71
2020-2021,2015-16,04,55,Garbage collection,171.48
2021-2022,2015-16,04,55,Garbage collection,182.23
2022-2023,2015-16,04,55,Garbage collection,207.64
2023-2024,2015-16,04,55,Garbage collection,239.88
2024-2025,2015-16,04,55,Garbage collection,258.52
2025-2026,2015-16,04,55,Garbage collection,268.08
2019-2020,2015-16,04,56,Electricity charges,114.09
2020-2021,2015-16,04,56,Electricity charges,126.4
2021-2022,2015-16,04,56,Electricity charges,155.03
2022-2023,2015-16,04,56,Electricity charges,194.76
2023-2024,2015-16,04,56,Electricity charges,296.5
2024-2025,2015-16,04,56,Electricity charges,264.84
2025-2026,2015-16,04,56,Electricity charges,267.89
2019-2020,2015-16,04,57,Gas charges,216.94
2020-2021,2015-16,04,57,Gas charges,216.94
2021-2022,2015-16,04,57,Gas charges,216.94
2022-2023,2015-16,04,57,Gas charges,273.72
2023-2024,2015-16,04,57,Gas charges,1070.07
2024-2025,2015-16,04,57,Gas charges,1479.08
2025-2026,2015-16,04,57,Gas charges,1817.96
2019-2020,2015-16,04,58,Liquified Hydrocarbons,144.03
2020-2021,2015-16,04,58,Liquified Hydrocarbons,141.37
2021-2022,2015-16,04,58,Liquified Hydrocarbons,236.23
2022-2023,2015-16,04,58,Liquified Hydrocarbons,297.9
2023-2024,2015-16,04,58,Liquified Hydrocarbons,316.47
2024-2025,2015-16,04,58,Liquified Hydrocarbons,332.17
2025-2026,2015-16,04,58,Liquified Hydrocarbons,383.31
2019-2020,2015-16,04,59,Solid Fuel,112.1
2020-2021,2015-16,04,59,Solid Fuel,118.47
2021-2022,2015-16,04,59,Solid Fuel,129.55
2022-2023,2015-16,04,59,Solid Fuel,162.56
2023-2024,2015-16,04,59,Solid Fuel,195.05
2024-2025,2015-16,04,59,Solid Fuel,218.77
2025-2026,2015-16,04,59,Solid Fuel,238.78
2019-2020,2015-16,05,00,Furnishing and household equipment maintenance,126.27
2020-2021,2015-16,05,00,Furnishing and household equipment maintenance,135.34
2022-2023,2015-16,05,00,Furnishing and household equipment maintenance,199.42
2023-2024,2015-16,05,00,Furnishing and household equipment maintenance,251.32
2024-2025,2015-16,05,00,Furnishing and household equipment maintenance,263.58
2019-2020,2015-16,05,60,Furniture and furnishing,125.47
2020-2021,2015-16,05,60,Furniture and furnishing,137.4
2021-2022,2015-16,05,60,Furniture and furnishing,150.51
2022-2023,2015-16,05,60,Furniture and furnishing,186.7
2023-2024,2015-16,05,60,Furniture and furnishing,232.04
2024-2025,2015-16,05,60,Furniture and furnishing,255.03
2025-2026,2015-16,05,60,Furniture and furnishing,266.18
2019-2020,2015-16,05,61,Carpets,108.9
2020-2021,2015-16,05,61,Carpets,112.71
2021-2022,2015-16,05,61,Carpets,119.06
2022-2023,2015-16,05,61,Carpets,134.4
2023-2024,2015-16,05,61,Carpets,147.04
2024-2025,2015-16,05,61,Carpets,150.64
2025-2026,2015-16,05,61,Carpets,156.76
2019-2020,2015-16,05,62,Household textiles,124.32
2020-2021,2015-16,05,62,Household textiles,131.79
2021-2022,2015-16,05,62,Household textiles,139.6
2022-2023,2015-16,05,62,Household textiles,158.23
2023-2024,2015-16,05,62,Household textiles,177.99
2024-2025,2015-16,05,62,Household textiles,201.01
2025-2026,2015-16,05,62,Household textiles,214.3
2019-2020,2015-16,05,63,Household equipments,125.13
2020-2021,2015-16,05,63,Household equipments,135.6
2021-2022,2015-16,05,63,Household equipments,154.21
2022-2023,2015-16,05,63,Household equipments,197.9
2023-2024,2015-16,05,63,Household equipments,249.15
2024-2025,2015-16,05,63,Household equipments,263.88
2025-2026,2015-16,05,63,Household equipments,279.14
2019-2020,2015-16,05,64,Plastic products,115.79
2020-2021,2015-16,05,64,Plastic products,120.37
2021-2022,2015-16,05,64,Plastic products,134.24
2022-2023,2015-16,05,64,Plastic products,166.5
2023-2024,2015-16,05,64,Plastic products,201.22
2024-2025,2015-16,05,64,Plastic products,218.37
2025-2026,2015-16,05,64,Plastic products,236.55
2019-2020,2015-16,05,65,Major tools & equipments,119.34
2020-2021,2015-16,05,65,Major tools & equipments,133.29
2021-2022,2015-16,05,65,Major tools & equipments,148.87
2022-2023,2015-16,05,65,Major tools & equipments,185.84
2023-2024,2015-16,05,65,Major tools & equipments,219.03
2024-2025,2015-16,05,65,Major tools & equipments,238.65
2025-2026,2015-16,05,65,Major tools & equipments,260.44
2019-2020,2015-16,05,66,Washing soap/detergents/match box,126.59
2020-2021,2015-16,05,66,Washing soap/detergents/match box,137.06
2021-2022,2015-16,05,66,Washing soap/detergents/match box,158.99
2022-2023,2015-16,05,66,Washing soap/detergents/match box,234.94
2023-2024,2015-16,05,66,Washing soap/detergents/match box,316.81
2024-2025,2015-16,05,66,Washing soap/detergents/match box,322.03
2025-2026,2015-16,05,66,Washing soap/detergents/match box,326.13
2019-2020,2015-16,05,67,Household servant,130.04
2020-2021,2015-16,05,67,Household servant,134.1
2021-2022,2015-16,05,67,Household servant,142.18
2022-2023,2015-16,05,67,Household servant,167.48
2023-2024,2015-16,05,67,Household servant,186.58
2024-2025,2015-16,05,67,Household servant,197.03
2025-2026,2015-16,05,67,Household servant,210.24
2019-2020,2015-16,06,00,Health,137.24
2020-2021,2015-16,06,00,Health,148.22
2021-2022,2015-16,06,00,Health,162.67
2022-2023,2015-16,06,00,Health,188.05
2023-2024,2015-16,06,00,Health,231.37
2024-2025,2015-16,06,00,Health,266.43
2025-2026,2015-16,06,00,Health,286.02
2019-2020,2015-16,06,68,Drugs and medicines,136.16
2020-2021,2015-16,06,68,Drugs and medicines,147.4
2021-2022,2015-16,06,68,Drugs and medicines,163.9
2022-2023,2015-16,06,68,Drugs and medicines,192.93
2023-2024,2015-16,06,68,Drugs and medicines,246.34
2024-2025,2015-16,06,68,Drugs and medicines,285.44
2025-2026,2015-16,06,68,Drugs and medicines,307.58
2019-2020,2015-16,06,69,Therapeutic Appliances and Equipme,107.28
2020-2021,2015-16,06,69,Therapeutic Appliances and Equipme,115.1
2021-2022,2015-16,06,69,Therapeutic Appliances and Equipme,119.97
2022-2023,2015-16,06,69,Therapeutic Appliances and Equipme,127.52
2023-2024,2015-16,06,69,Therapeutic Appliances and Equipme,144.81
2024-2025,2015-16,06,69,Therapeutic Appliances and Equipme,153.42
2025-2026,2015-16,06,69,Therapeutic Appliances and Equipme,156.71
2019-2020,2015-16,06,70,Doctor (MBBS) clinic fee,163.53
2020-2021,2015-16,06,70,Doctor (MBBS) clinic fee,185.07
2021-2022,2015-16,06,70,Doctor (MBBS) clinic fee,202.44
2022-2023,2015-16,06,70,Doctor (MBBS) clinic fee,240.47
2023-2024,2015-16,06,70,Doctor (MBBS) clinic fee,289.9
2024-2025,2015-16,06,70,Doctor (MBBS) clinic fee,333.73
2025-2026,2015-16,06,70,Doctor (MBBS) clinic fee,360.16
2019-2020,2015-16,06,71,Dental services,116.58
2020-2021,2015-16,06,71,Dental services,124.32
2021-2022,2015-16,06,71,Dental services,132.37
2022-2023,2015-16,06,71,Dental services,148.86
2023-2024,2015-16,06,71,Dental services,176.19
2024-2025,2015-16,06,71,Dental services,218.8
2025-2026,2015-16,06,71,Dental services,235.8
2019-2020,2015-16,06,72,Medical tests,123.37
2020-2021,2015-16,06,72,Medical tests,131.43
2021-2022,2015-16,06,72,Medical tests,139.86
2022-2023,2015-16,06,72,Medical tests,161.69
2023-2024,2015-16,06,72,Medical tests,184.01
2024-2025,2015-16,06,72,Medical tests,205.74
2025-2026,2015-16,06,72,Medical tests,223.05
2019-2020,2015-16,06,73,Hospitals services,127.3
2020-2021,2015-16,06,73,Hospitals services,131.7
2021-2022,2015-16,06,73,Hospitals services,142.98
2022-2023,2015-16,06,73,Hospitals services,154.49
2023-2024,2015-16,06,73,Hospitals services,184
2024-2025,2015-16,06,73,Hospitals services,210.84
2025-2026,2015-16,06,73,Hospitals services,222.02
2019-2020,2015-16,07,00,Transport,139.54
2020-2021,2015-16,07,00,Transport,141.09
2021-2022,2015-16,07,00,Transport,175.68
2022-2023,2015-16,07,00,Transport,260.23
2023-2024,2015-16,07,00,Transport,304.37
2024-2025,2015-16,07,00,Transport,301.65
2025-2026,2015-16,07,00,Transport,337.59
2019-2020,2015-16,07,74,Motor vehicles,145.62
2020-2021,2015-16,07,74,Motor vehicles,151.64
2021-2022,2015-16,07,74,Motor vehicles,165.76
2022-2023,2015-16,07,74,Motor vehicles,223.51
2023-2024,2015-16,07,74,Motor vehicles,255.66
2024-2025,2015-16,07,74,Motor vehicles,260.16
2025-2026,2015-16,07,74,Motor vehicles,267.53
2019-2020,2015-16,07,75,Motor vehicle accessories,125.91
2020-2021,2015-16,07,75,Motor vehicle accessories,136.67
2021-2022,2015-16,07,75,Motor vehicle accessories,156.03
2022-2023,2015-16,07,75,Motor vehicle accessories,209.51
2023-2024,2015-16,07,75,Motor vehicle accessories,250.61
2024-2025,2015-16,07,75,Motor vehicle accessories,262.32
2025-2026,2015-16,07,75,Motor vehicle accessories,269.88
2019-2020,2015-16,07,76,Motor fuel,149.74
2020-2021,2015-16,07,76,Motor fuel,148.31
2021-2022,2015-16,07,76,Motor fuel,204.34
2022-2023,2015-16,07,76,Motor fuel,330.98
2023-2024,2015-16,07,76,Motor fuel,376.89
2024-2025,2015-16,07,76,Motor fuel,349.53
2025-2026,2015-16,07,76,Motor fuel,396.43
2019-2020,2015-16,07,77,Mechanical services,127.2
2020-2021,2015-16,07,77,Mechanical services,135.01
2021-2022,2015-16,07,77,Mechanical services,148.65
2022-2023,2015-16,07,77,Mechanical services,181.73
2023-2024,2015-16,07,77,Mechanical services,216.67
2024-2025,2015-16,07,77,Mechanical services,231.23
2025-2026,2015-16,07,77,Mechanical services,248.05
2019-2020,2015-16,07,78,Motor vehicle tax,126.72
2020-2021,2015-16,07,78,Motor vehicle tax,126.72
2021-2022,2015-16,07,78,Motor vehicle tax,136.37
2022-2023,2015-16,07,78,Motor vehicle tax,147.52
2023-2024,2015-16,07,78,Motor vehicle tax,148.53
2024-2025,2015-16,07,78,Motor vehicle tax,378.34
2025-2026,2015-16,07,78,Motor vehicle tax,399.23
2019-2020,2015-16,07,79,Transport services,124.63
2020-2021,2015-16,07,79,Transport services,126.57
2021-2022,2015-16,07,79,Transport services,142.44
2022-2023,2015-16,07,79,Transport services,187.49
2023-2024,2015-16,07,79,Transport services,238
2024-2025,2015-16,07,79,Transport services,260.7
2025-2026,2015-16,07,79,Transport services,299.9
2019-2020,2015-16,08,00,Communication,108.08
2020-2021,2015-16,08,00,Communication,109.02
2021-2022,2015-16,08,00,Communication,112.53
2022-2023,2015-16,08,00,Communication,117.24
2023-2024,2015-16,08,00,Communication,131.5
2024-2025,2015-16,08,00,Communication,138.39
2025-2026,2015-16,08,00,Communication,139.14
2019-2020,2015-16,08,80,Postal services,147.05
2020-2021,2015-16,08,80,Postal services,153.71
2021-2022,2015-16,08,80,Postal services,165.66
2022-2023,2015-16,08,80,Postal services,187.86
2023-2024,2015-16,08,80,Postal services,205.9
2024-2025,2015-16,08,80,Postal services,217.12
2025-2026,2015-16,08,80,Postal services,249.8
2019-2020,2015-16,08,81,Communication apparatus,117.99
2020-2021,2015-16,08,81,Communication apparatus,119.21
2021-2022,2015-16,08,81,Communication apparatus,129.28
2022-2023,2015-16,08,81,Communication apparatus,150.5
2023-2024,2015-16,08,81,Communication apparatus,188.52
2024-2025,2015-16,08,81,Communication apparatus,188.49
2025-2026,2015-16,08,81,Communication apparatus,191.02
2019-2020,2015-16,08,82,Communication Services,105.3
2020-2021,2015-16,08,82,Communication Services,106.12
2021-2022,2015-16,08,82,Communication Services,107.97
2022-2023,2015-16,08,82,Communication Services,108.53
2023-2024,2015-16,08,82,Communication Services,117.04
2024-2025,2015-16,08,82,Communication Services,125.55
2025-2026,2015-16,08,82,Communication Services,125.55
2019-2020,2015-16,09,00,Recreation and culture,117.21
2020-2021,2015-16,09,00,Recreation and culture,121.12
2021-2022,2015-16,09,00,Recreation and culture,131.14
2022-2023,2015-16,09,00,Recreation and culture,185.16
2023-2024,2015-16,09,00,Recreation and culture,246.38
2024-2025,2015-16,09,00,Recreation and culture,258.22
2025-2026,2015-16,09,00,Recreation and culture,249.99
2019-2020,2015-16,09,83,Recreation and culture,108.92
2020-2021,2015-16,09,83,Recreation and culture,112.4
2021-2022,2015-16,09,83,Recreation and culture,117.32
2022-2023,2015-16,09,83,Recreation and culture,134.1
2023-2024,2015-16,09,83,Recreation and culture,148.9
2024-2025,2015-16,09,83,Recreation and culture,154.19
2025-2026,2015-16,09,83,Recreation and culture,156.35
2019-2020,2015-16,09,84,Text books,117
2020-2021,2015-16,09,84,Text books,120.78
2021-2022,2015-16,09,84,Text books,133.84
2022-2023,2015-16,09,84,Text books,212.87
2023-2024,2015-16,09,84,Text books,315.16
2024-2025,2015-16,09,84,Text books,328.33
2025-2026,2015-16,09,84,Text books,299.57
2019-2020,2015-16,09,85,Newspapers,151.55
2020-2021,2015-16,09,85,Newspapers,151.55
2021-2022,2015-16,09,85,Newspapers,152.5
2022-2023,2015-16,09,85,Newspapers,166.56
2023-2024,2015-16,09,85,Newspapers,211.33
2024-2025,2015-16,09,85,Newspapers,216.1
2025-2026,2015-16,09,85,Newspapers,243.67
2019-2020,2015-16,09,86,stationery,126.04
2020-2021,2015-16,09,86,stationery,131.84
2021-2022,2015-16,09,86,stationery,147.42
2022-2023,2015-16,09,86,stationery,231.42
2023-2024,2015-16,09,86,stationery,304
2024-2025,2015-16,09,86,stationery,327.02
2025-2026,2015-16,09,86,stationery,331.4
2019-2020,2015-16,10,00,Education,144.53
2020-2021,2015-16,10,00,Education,146.09
2021-2022,2015-16,10,00,Education,153.19
2022-2023,2015-16,10,00,Education,166.83
2023-2024,2015-16,10,00,Education,185.9
2024-2025,2015-16,10,00,Education,201.77
2025-2026,2015-16,10,00,Education,220.07
2019-2020,2015-16,10,87,Education,144.53
2020-2021,2015-16,10,87,Education,146.09
2021-2022,2015-16,10,87,Education,153.19
2022-2023,2015-16,10,87,Education,166.83
2023-2024,2015-16,10,87,Education,185.9
2024-2025,2015-16,10,87,Education,201.77
2025-2026,2015-16,10,87,Education,220.07
2019-2020,2015-16,11,00,Restaurants and hotels,126.68
2020-2021,2015-16,11,00,Restaurants and hotels,137.57
2021-2022,2015-16,11,00,Restaurants and hotels,155.07
2022-2023,2015-16,11,00,Restaurants and hotels,207.68
2023-2024,2015-16,11,00,Restaurants and hotels,258.87
2024-2025,2015-16,11,00,Restaurants and hotels,276.64
2025-2026,2015-16,11,00,Restaurants and hotels,291.28
2019-2020,2015-16,11,88,Readymade food,126.09
2020-2021,2015-16,11,88,Readymade food,138.49
2021-2022,2015-16,11,88,Readymade food,157.45
2022-2023,2015-16,11,88,Readymade food,215.76
2023-2024,2015-16,11,88,Readymade food,266.99
2024-2025,2015-16,11,88,Readymade food,283.51
2025-2026,2015-16,11,88,Readymade food,298.5
2019-2020,2015-16,11,89,Marriage Hall Charges,129.58
2020-2021,2015-16,11,89,Marriage Hall Charges,136.5
2021-2022,2015-16,11,89,Marriage Hall Charges,150.25
2022-2023,2015-16,11,89,Marriage Hall Charges,187.92
2023-2024,2015-16,11,89,Marriage Hall Charges,240.34
2024-2025,2015-16,11,89,Marriage Hall Charges,262.61
2025-2026,2015-16,11,89,Marriage Hall Charges,276.51
2019-2020,2015-16,11,90,Accommodation Services,112.3
2020-2021,2015-16,11,90,Accommodation Services,113.06
2021-2022,2015-16,11,90,Accommodation Services,118.96
2022-2023,2015-16,11,90,Accommodation Services,130.78
2023-2024,2015-16,11,90,Accommodation Services,163.73
2024-2025,2015-16,11,90,Accommodation Services,173.83
2025-2026,2015-16,11,90,Accommodation Services,183.83
2019-2020,2015-16,12,00,Misc. goods and services,133.22
2020-2021,2015-16,12,00,Misc. goods and services,147.47
2021-2022,2015-16,12,00,Misc. goods and services,162.79
2022-2023,2015-16,12,00,Misc. goods and services,210.96
2023-2024,2015-16,12,00,Misc. goods and services,266
2024-2025,2015-16,12,00,Misc. goods and services,297.44
2025-2026,2015-16,12,00,Misc. goods and services,349.11
2019-2020,2015-16,12,91,Personal Grooming Services,124.23
2020-2021,2015-16,12,91,Personal Grooming Services,134.77
2021-2022,2015-16,12,91,Personal Grooming Services,146.62
2022-2023,2015-16,12,91,Personal Grooming Services,190.07
2023-2024,2015-16,12,91,Personal Grooming Services,232.33
2024-2025,2015-16,12,91,Personal Grooming Services,255.47
2025-2026,2015-16,12,91,Personal Grooming Services,275.25
2019-2020,2015-16,12,92,Electrical Appliances for Personal,116.37
2020-2021,2015-16,12,92,Electrical Appliances for Personal,118.29
2021-2022,2015-16,12,92,Electrical Appliances for Personal,127.31
2022-2023,2015-16,12,92,Electrical Appliances for Personal,145.77
2023-2024,2015-16,12,92,Electrical Appliances for Personal,160.14
2024-2025,2015-16,12,92,Electrical Appliances for Personal,176.47
2025-2026,2015-16,12,92,Electrical Appliances for Personal,193.58
2019-2020,2015-16,12,93,Appliances/Articles/Products for P,125.07
2020-2021,2015-16,12,93,Appliances/Articles/Products for P,136.25
2021-2022,2015-16,12,93,Appliances/Articles/Products for P,151.74
2022-2023,2015-16,12,93,Appliances/Articles/Products for P,195.29
2023-2024,2015-16,12,93,Appliances/Articles/Products for P,252.2
2024-2025,2015-16,12,93,Appliances/Articles/Products for P,270.68
2025-2026,2015-16,12,93,Appliances/Articles/Products for P,293.02
2019-2020,2015-16,12,94,Personal Effects n.e.c.,167.36
2020-2021,2015-16,12,94,Personal Effects n.e.c.,195.08
2021-2022,2015-16,12,94,Personal Effects n.e.c.,213.08
2022-2023,2015-16,12,94,Personal Effects n.e.c.,281.32
2023-2024,2015-16,12,94,Personal Effects n.e.c.,343.23
2024-2025,2015-16,12,94,Personal Effects n.e.c.,423.38
2025-2026,2015-16,12,94,Personal Effects n.e.c.,596.29
