country,iso2c,iso3c,year,total_pop,pop_growth,birth_rate,death_rate,life_expectancy,fertility_rate,urban_pop_pct,dependency_ratio,pop_0_14_pct,pop_65_plus_pct,infant_mortality,under5_mortality
Afghanistan,AF,AFG,1960,9035043,NA,50.516,31.672,32.799,7.282,8.401,81.0613894386502,41.9467543238724,2.82336216754241,251.2,353.2
Afghanistan,AF,AFG,1961,9214083,1.9622391202036,50.566,31.129,33.291,7.284,8.684,81.2840359519206,42.0285881948318,2.80935715469461,248.4,347.6
Afghanistan,AF,AFG,1962,9404406,2.0445228359303,50.666,30.63,33.757,7.292,8.976,81.5068083352119,42.1128139299813,2.79283455010343,245.4,342.3
Afghanistan,AF,AFG,1963,9604487,2.1052082248002,50.787,30.168,34.201,7.302,9.276,81.8545805002831,42.2359518004449,2.77505711653314,242.5,336.8
Afghanistan,AF,AFG,1964,9814318,2.16119547210755,50.852,29.672,34.673,7.304,9.586,82.3730133850468,42.4095387983149,2.75779223783048,239.7,331.7
Afghanistan,AF,AFG,1965,10036008,2.23370858013984,50.889,29.193,35.124,7.305,9.904,83.0962139283287,42.6422367019717,2.74167264804529,236.9,326.5
Afghanistan,AF,AFG,1966,10266395,2.26965142881696,51.018,28.733,35.583,7.32,10.233,83.9487837199585,42.9102864247869,2.72675559434446,234.2,321.5
Afghanistan,AF,AFG,1967,10505959,2.30666800699098,51.106,28.265,36.042,7.339,10.57,84.793913350911,43.1724224318789,2.71324112344242,231.4,316.6
Afghanistan,AF,AFG,1968,10756922,2.36068343389987,51.209,27.801,36.51,7.363,10.918,85.6302795087328,43.4292236863493,2.70025211209359,228.6,311.6
Afghanistan,AF,AFG,1969,11017409,2.39272037816067,51.28,27.334,36.979,7.389,11.275,86.456962149139,43.6819809448846,2.68633941065454,225.8,306.4
Afghanistan,AF,AFG,1970,11290128,2.4452057451213,51.207,26.838,37.46,7.4,11.643,87.257666613481,43.9262709832108,2.67137815759831,223.1,301.6
Afghanistan,AF,AFG,1971,11567667,2.42851631309344,51.303,26.383,37.932,7.432,12.021,88.026352404817,44.1603244560755,2.6556434129871,220.2,296.5
Afghanistan,AF,AFG,1972,11853696,2.44258389899974,51.244,25.882,38.423,7.453,12.41,88.7756358202595,44.3879908848683,2.63907560983511,217.1,291.4
Afghanistan,AF,AFG,1973,12157999,2.53475893911385,51.278,25.364,38.951,7.487,12.809,89.5107402157941,44.6099459043406,2.62259428452847,213.8,285.9
Afghanistan,AF,AFG,1974,12469127,2.5268442145866,51.373,24.889,39.469,7.526,13.219,90.2437777766589,44.828404780399,2.60745610368136,210.7,280.6
Afghanistan,AF,AFG,1975,12773954,2.41525048462279,51.321,24.403,39.994,7.542,13.641,90.9672209131238,45.0409559953011,2.59403235677849,207.5,275.2
Afghanistan,AF,AFG,1976,13059851,2.21344608328696,51.329,23.934,40.518,7.561,14.074,91.6743266335102,45.2460024237642,2.58217341070737,204.1,269.7
Afghanistan,AF,AFG,1977,13340756,2.1280995644747,51.331,23.404,41.082,7.591,14.517,92.3750674680591,45.4464744934067,2.57173946619894,200.4,263.8
Afghanistan,AF,AFG,1978,13611441,2.00869785436837,51.288,24.171,40.086,7.599,14.973,93.0651831676898,45.6448512688701,2.5591706271217,196.6,257.9
Afghanistan,AF,AFG,1979,13655567,0.323658822560684,52.029,25.538,38.844,7.612,15.442,93.747143749577,45.8463094209124,2.54002268818278,192.9,251.9
Afghanistan,AF,AFG,1980,13169311,-3.62580787978915,53.452,25.706,39.258,7.643,15.995,94.4517656835338,46.0564282346879,2.51693871771505,188.8,245.7
Afghanistan,AF,AFG,1981,11937581,-9.81977073931242,55.185,26.413,39.406,7.617,16.562,95.1597438213452,46.266479783467,2.49344486123277,184.6,239.4
Afghanistan,AF,AFG,1982,10991378,-8.25803438536739,51.973,28.026,36.058,7.6,17.147,95.8169549452993,46.4710839714547,2.46081519532856,199,279.9
Afghanistan,AF,AFG,1983,10917982,-0.669999256586122,51.173,27.013,36.517,7.57,17.747,96.3518916570271,46.6476817785558,2.42334618247218,195.1,274.4
Afghanistan,AF,AFG,1984,11190221,2.46291172007885,50.351,32.008,31.473,7.554,18.365,96.8321378522571,46.820695193567,2.37459553414559,207.7,309.1
Afghanistan,AF,AFG,1985,11426852,2.09257523944359,51.693,31.699,32.132,7.55,18.997,97.3022747294073,47.0002324349698,2.31611470945804,202.5,300.9
Afghanistan,AF,AFG,1986,11420074,-0.0593340233066949,52.195,25.044,38.4,7.553,19.647,97.7738465721445,47.160217488968,2.2769774642869,181.1,253.1
Afghanistan,AF,AFG,1987,11387818,-0.282849651384286,52.222,24.617,38.831,7.548,20.314,98.2227033395005,47.2958582892764,2.25583591800308,176.9,247.2
Afghanistan,AF,AFG,1988,11523298,1.18267114653938,51.708,20.606,43.238,7.551,20.998,98.6703927392961,47.421250409388,2.24411882778698,163.4,218.4
Afghanistan,AF,AFG,1989,11874088,2.9987647953118,51.682,19.582,44.496,7.559,21.088,99.131117841189,47.5389730983971,2.24285856732744,149,187.1
Afghanistan,AF,AFG,1990,12045660,1.43458821147838,52.888,19.479,45.118,7.576,21.177,99.6645090710183,47.6732698747931,2.24271646385503,144.5,180.7
Afghanistan,AF,AFG,1991,12238879,1.59132588364829,52.279,18.783,45.521,7.631,21.266,100.333805677725,47.8412524545753,2.24205991414737,140.1,174.4
Afghanistan,AF,AFG,1992,13278974,8.15641941048095,50.315,17.17,46.569,7.703,21.355,101.130964399038,48.0389617465537,2.24219138625437,135.9,168.5
Afghanistan,AF,AFG,1993,14943172,11.8072591071712,50.834,14.613,51.021,7.761,21.444,101.99673440322,48.2471626506072,2.24708649542413,132,163
Afghanistan,AF,AFG,1994,16250794,8.38872960212999,52.41,14.929,50.969,7.767,21.534,102.99668425802,48.4838695117337,2.25424055420798,128.3,157.7
Afghanistan,AF,AFG,1995,17065836,4.89368011973163,52.683,14.403,52.103,7.767,21.624,104.092606744234,48.7431804906358,2.25945281143721,124.8,152.8
Afghanistan,AF,AFG,1996,17763266,4.00540467357125,52.491,13.928,52.83,7.757,21.714,105.223953365424,49.0096387680058,2.26310859725909,121.7,148.3
Afghanistan,AF,AFG,1997,18452091,3.80450803445817,52.117,13.651,53.212,7.732,21.805,106.412388709347,49.2884207733308,2.26487604399751,118.8,144.1
Afghanistan,AF,AFG,1998,19159996,3.7646866376293,51.457,13.886,52.487,7.693,21.895,107.593615693214,49.5648968184778,2.26406368414857,115.9,139.9
Afghanistan,AF,AFG,1999,19887785,3.72811603964771,50.948,12.697,54.532,7.641,21.986,108.686030843852,49.8183244091367,2.2628010676604,113,135.8
Afghanistan,AF,AFG,2000,20130327,1.21217597601851,51.491,12.608,55.005,7.566,22.078,109.586047730495,50.0249300470877,2.26197021041933,110.1,131.7
Afghanistan,AF,AFG,2001,20284307,0.762004896898895,49.623,11.954,55.511,7.453,22.169,110.219341359285,50.1686895194398,2.26194811585133,107,127.4
Afghanistan,AF,AFG,2002,21378117,5.25202958527833,47.488,11.187,56.225,7.32,22.261,110.534611030603,50.2378974724481,2.26397395055888,103.8,123.1
Afghanistan,AF,AFG,2003,22733049,6.14519400188515,47.056,10.714,57.171,7.174,22.353,110.557539565476,50.2402911285679,2.26675269120301,100.6,118.7
Afghanistan,AF,AFG,2004,23560654,3.57583485398158,46.492,10.375,57.81,7.018,22.5,110.285308007212,50.1769146598586,2.2686467503968,97.2,114.2
Afghanistan,AF,AFG,2005,24404567,3.51921696042587,44.952,9.913,58.247,6.858,22.703,109.728525433204,50.0495665421968,2.26974934650551,93.7,109.7
Afghanistan,AF,AFG,2006,25424094,4.09270201656348,44.087,9.659,58.553,6.686,22.907,108.889135191956,49.8559368554896,2.2717800234734,90.1,105.1
Afghanistan,AF,AFG,2007,25909852,1.8925975396006,43.831,9.487,58.956,6.508,23.113,107.737250564546,49.5860532125,2.27621524044213,86.7,100.7
Afghanistan,AF,AFG,2008,26482622,2.18654618162979,42.538,8.884,59.708,6.392,23.32,106.334375525183,49.2514090938579,2.28356920247549,83.3,96.3
Afghanistan,AF,AFG,2009,27466101,3.64638090813246,42.162,8.645,60.248,6.295,23.528,104.799467490534,48.8782053353369,2.29354363572652,80,92.2
Afghanistan,AF,AFG,2010,28284089,2.9346867017347402,41.759,8.402,60.702,6.195,23.737,103.144455694301,48.4673299618618,2.30661490116607,76.9,88.3
Afghanistan,AF,AFG,2011,29347708,3.69150308391849,40.973,8.032,61.25,6.094,23.948,101.458308292088,48.0397975201334,2.32214045471626,74,84.6
Afghanistan,AF,AFG,2012,30560034,4.04786256315645,40.702,7.822,61.735,5.985,24.16,99.7731309368865,47.6053053475006,2.33791133871121,71.3,81.2
Afghanistan,AF,AFG,2013,31622704,3.41822667584596,40.288,7.597,62.188,5.879,24.373,98.063558808759,47.161386009242,2.34976901406028,68.7,78
Afghanistan,AF,AFG,2014,32792523,3.63251884652008,39.646,7.511,62.26,5.77,24.587,96.3463937851296,46.7130662681856,2.35653566515757,66.4,75.1
Afghanistan,AF,AFG,2015,33831764,3.1199592414690702,39.364,7.528,62.27,5.652,24.803,94.6132337112821,46.2593370280565,2.35669506261475,64.2,72.4
Afghanistan,AF,AFG,2016,34700612,2.53571991833963,38.732,7.32,62.646,5.542,25.02,92.8898712202104,45.801448689147,2.35549736125691,62.3,70
Afghanistan,AF,AFG,2017,35688935,2.80833730805469,38.171,7.315,62.406,5.433,25.25,91.2936186853936,45.3646045386981,2.35973702156897,60.4,67.6
Afghanistan,AF,AFG,2018,36743039,2.91080959861384,37.624,7.271,62.443,5.327,25.495,89.8496059758101,44.9596071789272,2.36712047688815,58.6,65.4
Afghanistan,AF,AFG,2019,37856121,2.98438913621969,37.138,7.064,62.941,5.238,25.754,88.5120276122222,44.5768321059625,2.37615338349114,56.9,63.3
Afghanistan,AF,AFG,2020,39068979,3.15360920291972,36.601,7.565,61.454,5.145,26.026,87.2478169146763,44.2241042439322,2.37073382439812,55.3,61.3
Afghanistan,AF,AFG,2021,40000412,2.35609779179185,36.342,8.002,60.417,5.039,26.314,86.0834681804276,43.90812524631,2.35254951873996,53.6,59.3
Afghanistan,AF,AFG,2022,40578842,1.43570437048699,36.045,5.993,65.617,4.932,26.616,84.9624893289139,43.5798414355935,2.35514236704931,52,57.4
Afghanistan,AF,AFG,2023,41454761,2.13559384981397,35.437,5.797,66.035,4.84,26.933,83.8361728436287,43.2262038611198,2.37753752819851,50.4,55.5
Afghanistan,AF,AFG,2024,42647492,2.83657317243522,NA,NA,NA,NA,27.265,82.7768483158234,42.8875055536677,2.400970026561,NA,NA
Bangladesh,BD,BGD,1960,51828660,NA,48.999,21.624,43.98,6.742,5.135,81.8521844913725,42.0936008948176,2.91668352108,178.6,261.7
Bangladesh,BD,BGD,1961,53310348,2.8187180554552,49.131,20.909,44.887,6.78,5.278,82.4439922673821,42.2904709071724,2.89818688576359,173.3,255.1
Bangladesh,BD,BGD,1962,54881146,2.90394064545035,49.102,20.239,45.765,6.806,5.498,83.1791268539365,42.5215045618763,2.88712174487027,168.4,248.8
Bangladesh,BD,BGD,1963,56504402,2.91486814980727,48.74,20.198,45.722,6.798,5.727,84.177851747402,42.821478758416,2.88317625235641,163.7,242.9
Bangladesh,BD,BGD,1964,58178374,2.91951583062664,48.363,19.373,46.752,6.785,5.964,85.4267519317845,43.1829260403782,2.88742345125891,159.4,237.7
Bangladesh,BD,BGD,1965,59902519,2.92048527314111,47.973,19.783,46.046,6.771,6.211,86.5174973455846,43.4871261423914,2.89860097536132,155.9,233.4
Bangladesh,BD,BGD,1966,61669806,2.90758855629955,47.689,18.59,47.644,6.766,6.467,87.4053826994355,43.7234166402552,2.91632264025869,153.1,230.1
Bangladesh,BD,BGD,1967,63510929,2.94175581030493,47.559,18.261,48.066,6.79,6.733,88.2554420914752,43.9400787535329,2.94060730036406,151,227.9
Bangladesh,BD,BGD,1968,65408276,2.94367934740019,47.337,18.003,48.4,6.791,7.009,89.0204296272206,44.1266056301499,2.96906006206309,149.7,226.8
Bangladesh,BD,BGD,1969,67294133,2.84242612307535,47.322,17.81,48.686,6.806,7.296,89.8048773952439,44.3140834009562,3.00023185528099,148.9,226.5
Bangladesh,BD,BGD,1970,69058894,2.5886620743881,47.379,22.15,42.667,6.839,7.593,90.3368937045133,44.4323822762613,3.02919560926363,165.3,270.7
Bangladesh,BD,BGD,1971,70276758,1.74814557140031,47.599,39.876,26.522,6.831,7.901,90.5659432374184,44.5358510666083,2.98887576039808,205.7,366.7
Bangladesh,BD,BGD,1972,71641519,1.92336477179015,48.217,17.073,49.647,6.816,8.221,91.1029739650122,44.7133560917378,2.95883452722436,148.4,227.7
Bangladesh,BD,BGD,1973,73722294,2.86304698541463,47.866,16.987,49.914,6.8,8.553,91.7058318260676,44.8325129437779,3.00423302074675,148,227.6
Bangladesh,BD,BGD,1974,75839348,2.83120108031118,47.773,17.282,49.589,6.778,9.034,92.1575287721254,44.9072521358388,3.05211222973668,147.2,226.8
Bangladesh,BD,BGD,1975,77854351,2.62225253859974,47.216,16.578,50.627,6.728,9.836,92.4623139801805,44.9320799355972,3.1096958415959,145.9,225.2
Bangladesh,BD,BGD,1976,79855318,2.53766860687182,46.831,16.379,50.951,6.66,10.701,92.5308826937426,44.8848315900514,3.17544912913627,144.2,222.8
Bangladesh,BD,BGD,1977,81867264,2.48827316770837,46.409,16.171,51.265,6.583,11.63,92.6020984613785,44.8390796646085,3.240405733117,141.8,219.4
Bangladesh,BD,BGD,1978,83889655,2.44031003262387,45.909,15.935,51.596,6.509,12.629,92.7183786870837,44.8085100600306,3.30230348426156,139,215.3
Bangladesh,BD,BGD,1979,85935072,2.40897300494193,45.597,15.686,51.959,6.421,13.701,92.9139846796321,44.8047198052311,3.35870669520534,135.8,210.6
Bangladesh,BD,BGD,1980,88016432,2.39314899487113,45.165,15.449,52.278,6.326,14.851,93.1831544484013,44.8278660331736,3.40778641997091,132.7,205.8
Bangladesh,BD,BGD,1981,90303105,2.56483208942694,44.581,15.14,52.638,6.237,15.801,93.3943494726898,44.8495821093283,3.44259869825406,129.4,200.7
Bangladesh,BD,BGD,1982,92814507,2.74311077918066,43.958,14.805,53.012,6.118,16.212,93.3776849071035,44.8246196299067,3.46310519897016,126.1,195.5
Bangladesh,BD,BGD,1983,95335155,2.67956773551459,42.644,14.384,53.441,5.906,16.631,93.1155898082048,44.7390033862063,3.47853791960866,122.6,189.9
Bangladesh,BD,BGD,1984,97814966,2.5678961557477,41.735,13.998,53.826,5.732,17.06,92.6993942974159,44.6143435760127,3.49135734505086,119.1,184.1
Bangladesh,BD,BGD,1985,100253825,2.4627628154011,40.685,13.771,53.937,5.539,17.496,92.1455045426735,44.4552364959641,3.50087091440152,115.4,178
Bangladesh,BD,BGD,1986,102635572,2.34793582288977,39.38,13.218,54.592,5.302,17.941,91.3721698738457,44.2378613138143,3.50793728708405,111.6,171.6
Bangladesh,BD,BGD,1987,104959291,2.23879919175218,38.238,12.878,54.899,5.075,18.395,90.2459848600441,43.9237799348321,3.51269284012218,107.7,165.1
Bangladesh,BD,BGD,1988,107216008,2.12729956278453,36.944,12.558,55.174,4.849,18.859,88.8599251003886,43.5367587251372,3.51394543394092,103.8,158.6
Bangladesh,BD,BGD,1989,109433799,2.04742252381831,36.221,12.249,55.514,4.695,19.33,87.4129537467084,43.1318134171692,3.51008192633429,99.9,152.2
Bangladesh,BD,BGD,1990,111633717,1.9903336888239,35.141,11.962,55.822,4.506,19.811,85.9247940838611,42.713919487246,3.50089256635609,96.2,146
Bangladesh,BD,BGD,1991,113787109,1.91061096227259,33.635,12.945,53.781,4.261,20.257,84.324547486233,42.2635533344994,3.48431341198764,92.5,139.8
Bangladesh,BD,BGD,1992,115952192,1.8848730627462,32.404,11.243,56.592,4.027,20.61,82.6662303344695,41.7911066389806,3.4642372412599,88.9,133.7
Bangladesh,BD,BGD,1993,118132360,1.86277225280699,31.405,10.876,57.073,3.832,20.966,80.9683342071102,41.2947166157744,3.44699748888875,85.2,127.4
Bangladesh,BD,BGD,1994,120343179,1.85417955110796,31.084,10.517,57.64,3.737,21.328,79.1811023453225,40.7592976250029,3.43124598694538,81.5,121.2
Bangladesh,BD,BGD,1995,122600370,1.85825551797916,30.355,10.147,58.244,3.588,21.693,77.3180471753385,40.1853452807687,3.41881553864805,77.8,115.1
Bangladesh,BD,BGD,1996,124862179,1.82805195849607,30.031,9.756,58.94,3.505,22.064,75.3994031467334,39.574457130049,3.41280605074175,74.2,109.1
Bangladesh,BD,BGD,1997,127198069,1.85349089461291,30.377,9.402,59.671,3.502,22.438,73.5489308582297,38.9663221264533,3.41304079304443,70.5,103
Bangladesh,BD,BGD,1998,129622332,1.88796139153147,30.183,9.037,60.429,3.427,22.818,71.8615027523664,38.3935521943609,3.4200599917461,66.9,97
Bangladesh,BD,BGD,1999,132108065,1.89951780093278,29.865,8.643,61.244,3.357,23.202,70.313705784649,37.8496946338957,3.43512488596031,63.3,91
Bangladesh,BD,BGD,2000,134544304,1.82732806740512,29.589,8.276,62.049,3.279,23.59,68.8735107703625,37.3226802030851,3.46140181652951,59.8,85.4
Bangladesh,BD,BGD,2001,136805810,1.66689324749509,29.174,7.934,62.836,3.203,24.096,67.829792240324,36.9194877873992,3.49633577880817,56.6,80.1
Bangladesh,BD,BGD,2002,138933658,1.54340635736975,28.526,7.598,63.591,3.126,24.756,67.1451832030454,36.6324742561662,3.53929895087049,53.6,75.3
Bangladesh,BD,BGD,2003,140970351,1.45530530506763,27.745,7.302,64.288,3.029,25.429,66.5127410987043,36.3510312308472,3.59350455333156,50.9,70.9
Bangladesh,BD,BGD,2004,142902856,1.36154790691024,26.994,7.053,64.912,2.94,26.114,65.873127608104,36.0571318324706,3.65582722732927,48.4,66.9
Bangladesh,BD,BGD,2005,144715786,1.2606651625389,26.055,6.824,65.509,2.846,26.809,65.1910648619481,35.7391159109622,3.72492189621939,46,63.2
Bangladesh,BD,BGD,2006,146405973,1.16116775095831,25.252,6.634,66.048,2.755,27.517,64.524039740509,35.4168352973658,3.80177383950799,43.9,59.8
Bangladesh,BD,BGD,2007,147989278,1.07564253185597,24.526,6.51,66.458,2.666,28.237,63.9122837398699,35.1043735749559,3.88738601724917,41.9,56.7
Bangladesh,BD,BGD,2008,149474264,0.9984405660693,23.685,6.319,67.047,2.577,28.968,63.3356883947747,34.793277305561,3.98311546121115,40.1,53.9
Bangladesh,BD,BGD,2009,150873714,0.931892491457971,22.829,6.181,67.527,2.484,29.709,62.7031938906288,34.4480871598349,4.09030396109955,38.4,51.3
Bangladesh,BD,BGD,2010,152201981,0.876530534249878,21.874,6.049,68.009,2.38,30.462,61.9686828582303,34.0504147772873,4.20925466072201,36.9,48.9
Bangladesh,BD,BGD,2011,153591076,0.908525895582217,21.114,5.93,68.499,2.309,31.225,61.0979549461299,33.5821917595726,4.34377354171206,35.4,46.7
Bangladesh,BD,BGD,2012,155070101,0.958355912717609,20.709,5.847,68.989,2.263,31.993,60.0398362395264,33.0265015658096,4.48905587386876,34.1,44.7
Bangladesh,BD,BGD,2013,156532141,0.938408350120779,20.55,5.778,69.487,2.247,32.762,58.8576060722821,32.4236999110096,4.62684307316426,32.7,42.7
Bangladesh,BD,BGD,2014,157964929,0.911167733810249,20.298,5.703,70.016,2.228,33.535,57.6363999788042,31.8063072462316,4.75656753138087,31.4,40.7
Bangladesh,BD,BGD,2015,159383179,0.89381937776758,20.254,5.638,70.543,2.227,34.308,56.4576539922494,31.1823407663365,4.90260142194805,30,38.8
Bangladesh,BD,BGD,2016,160811932,0.892432416039535,20.226,5.575,71.075,2.227,35.083,55.3718768318608,30.5660498794143,5.07223834276104,28.6,36.9
Bangladesh,BD,BGD,2017,162186147,0.850917315689336,19.991,5.512,71.606,2.205,35.858,54.6436395397794,30.0763108025382,5.25888905067487,27.4,35.2
Bangladesh,BD,BGD,2018,163523103,0.820955197842845,20.069,5.442,72.122,2.193,36.632,54.3273751721014,29.7445382083272,5.45814402305543,26.3,33.7
Bangladesh,BD,BGD,2019,164913055,0.84641125179804,20.131,5.372,72.625,2.18,37.405,54.1751879343991,29.4761618478294,5.66255837053046,25.4,32.4
Bangladesh,BD,BGD,2020,166298024,0.836310836229073,20.289,6.126,71.421,2.175,38.177,54.0679893713504,29.2584546885536,5.835135780086,24.9,31.5
Bangladesh,BD,BGD,2021,167658854,0.814977993693211,20.414,6.317,71.103,2.173,38.946,53.9605921368888,29.0745008042507,5.97381333056883,24.5,31
Bangladesh,BD,BGD,2022,169384897,1.02423384746683,20.583,5.037,74.265,2.179,39.711,53.6222137721463,28.7700900252928,6.13515765182076,24.4,30.7
Bangladesh,BD,BGD,2023,171466990,1.22171475464107,20.353,5.01,74.672,2.163,40.473,53.0958193080833,28.3608821732976,6.32054805417649,24.4,30.6
Bangladesh,BD,BGD,2024,173562364,1.21462115417186,NA,NA,NA,NA,41.23,52.6423780619832,27.9889305379593,6.49846299627493,NA,NA
Bhutan,BT,BTN,1960,224084,NA,48.763,26.952,36.367,6.704,3.596,80.7901764463843,42.2571446421877,2.43033862301637,NA,NA
Bhutan,BT,BTN,1961,230602,2.86722992641214,48.697,26.662,36.654,6.698,3.792,80.2817562073926,42.1096909183552,2.42148285469585,NA,NA
Bhutan,BT,BTN,1962,237636,3.00468103385092,48.599,26.305,36.992,6.692,3.999,79.6747291299647,41.9293413652421,2.41462239438131,NA,NA
Bhutan,BT,BTN,1963,245156,3.11546514463352,48.597,25.953,37.37,6.687,4.217,79.2828830937093,41.8145996834669,2.40765063877694,NA,NA
Bhutan,BT,BTN,1964,252987,3.14433613990597,48.559,25.559,37.796,6.682,4.446,79.0716110902695,41.7559005008163,2.40051860372272,NA,NA
Bhutan,BT,BTN,1965,261200,3.19482933941373,48.526,25.134,38.263,6.679,4.687,78.9028842268204,41.7089553810196,2.39471210813149,NA,NA
Bhutan,BT,BTN,1966,269820,3.2468672608395,48.444,24.658,38.789,6.674,4.94,78.8901412185905,41.709472981988,2.39029723519383,NA,NA
Bhutan,BT,BTN,1967,278852,3.29261051140354,48.324,24.14,39.359,6.669,5.207,78.9256198347107,41.7246424626684,2.38621204079583,NA,NA
Bhutan,BT,BTN,1968,288311,3.33585834917434,48.169,23.595,39.96,6.664,5.487,79.0095555045046,41.7517888668833,2.38527146033277,190.9,273.9
Bhutan,BT,BTN,1969,298214,3.37715909689562,47.977,23.047,40.566,6.658,5.781,79.1268725748129,41.788782552127,2.38486456034928,187,267.4
Bhutan,BT,BTN,1970,308528,3.40012513918434,47.744,22.493,41.185,6.65,6.089,79.2917288951134,41.8386661826479,2.38633122439454,183.7,261.6
Bhutan,BT,BTN,1971,319211,3.40397251575147,47.491,21.923,41.83,6.643,6.413,79.515572101812,41.9038534133432,2.39058552271933,179.8,255.2
Bhutan,BT,BTN,1972,330264,3.40400084963263,47.24,21.353,42.487,6.639,6.754,79.7893246958273,41.9842913547949,2.39505365404646,176.1,248.9
Bhutan,BT,BTN,1973,341705,3.40554571018578,46.957,20.797,43.136,6.633,7.11,80.1101623445077,42.0775230096136,2.40090136228618,172.1,242.5
Bhutan,BT,BTN,1974,353538,3.40431842902805,46.605,20.23,43.8,6.618,7.484,80.4649215942503,42.1777039210833,2.40978679772301,168,236
Bhutan,BT,BTN,1975,365791,3.40711560223336,46.367,19.644,44.513,6.62,7.876,80.8465090524359,42.2833561833891,2.42105795530502,163.7,229.3
Bhutan,BT,BTN,1976,378490,3.41275204036644,46.092,19.07,45.23,6.616,8.288,81.2491918993597,42.3944590419046,2.43295406357623,159.5,222.6
Bhutan,BT,BTN,1977,391639,3.41508446680484,45.77,18.503,45.95,6.605,8.717,81.6608531087074,42.505927006852,2.44638245120832,155,215.8
Bhutan,BT,BTN,1978,405243,3.41463900612316,45.396,17.924,46.691,6.584,9.168,82.0596797671033,42.6112233894231,2.46185621960157,150.4,208.7
Bhutan,BT,BTN,1979,419200,3.38612458283256,44.977,17.345,47.446,6.553,9.639,82.4596300326442,42.7127179302456,2.48056116479147,146,201.9
Bhutan,BT,BTN,1980,433404,3.3322185402167,44.497,16.773,48.198,6.511,10.132,82.8662565504671,42.8128259083903,2.50251497448108,141.2,194.7
Bhutan,BT,BTN,1981,447836,3.27567755569122,43.979,16.192,48.975,6.46,10.646,83.2614478045587,42.9078311120936,2.52525760016792,136.3,187.4
Bhutan,BT,BTN,1982,462485,3.21870300281931,43.431,15.6,49.776,6.402,11.184,83.6332449216206,42.9939349384304,2.54970431473453,131.6,180.4
Bhutan,BT,BTN,1983,477460,3.18662627843006,42.854,15.032,50.553,6.336,11.745,83.9497611342271,43.0595233108533,2.57780756503163,126.8,173.3
Bhutan,BT,BTN,1984,492784,3.15905573813554,42.268,14.491,51.313,6.262,12.332,84.1921521428732,43.1007874638914,2.60813804005605,122,166.2
Bhutan,BT,BTN,1985,508392,3.11818593905043,41.642,13.984,52.033,6.176,12.941,84.367305049157,43.1193418470965,2.64116799520056,117.3,159.3
Bhutan,BT,BTN,1986,524324,3.08570103000375,41.142,13.457,52.826,6.103,13.577,84.4795192422718,43.1164288527429,2.67706353603541,112.8,152.7
Bhutan,BT,BTN,1987,540557,3.0490275578009,40.48,12.94,53.62,5.999,14.24,84.5282310370724,43.0923501983604,2.71534982929629,108.4,146.3
Bhutan,BT,BTN,1988,556986,2.99400155331813,39.758,12.447,54.385,5.88,14.929,84.5014856552286,43.0432210533308,2.75662472362386,104,140
Bhutan,BT,BTN,1989,573586,2.93677767736149,39.035,11.984,55.12,5.757,15.645,84.3945799109511,42.9674887462386,2.80088774830627,99.7,133.9
Bhutan,BT,BTN,1990,589287,2.70054497941616,38.219,11.569,55.811,5.604,16.388,84.2880999737306,42.8871670340598,2.85005438776012,95.8,128.2
Bhutan,BT,BTN,1991,599784,1.76562588713205,37.592,11.249,56.451,5.451,17.161,84.1313697860544,42.7860219562559,2.90488151141203,92,122.8
Bhutan,BT,BTN,1992,577774,-3.73868016502051,38.303,11.314,57.208,5.267,17.962,83.7668492331571,42.6178748091814,2.9654328509071,88.3,117.6
Bhutan,BT,BTN,1993,554673,-4.0804037833298,35.469,10.382,57.906,5.072,18.791,83.1746534967356,42.3744642108632,3.03278060477128,84.8,112.5
Bhutan,BT,BTN,1994,554497,-0.0317354420831988,34.572,10.161,58.395,4.866,19.649,82.4105295361912,42.0779173936763,3.10073535047498,81.2,107.5
Bhutan,BT,BTN,1995,547989,-1.18061827424054,33.302,9.692,59.277,4.624,20.537,81.4277484588236,41.7069503219955,3.17469876220143,77.6,102.5
Bhutan,BT,BTN,1996,548784,0.144970771387412,31.279,9.133,59.982,4.369,21.456,80.2326536108274,41.2628112907914,3.25328658751584,74,97.5
Bhutan,BT,BTN,1997,558697,1.79023653749442,29.655,8.772,60.639,4.088,22.401,78.8408413599275,40.7487786302581,3.33562139730605,70.5,92.6
Bhutan,BT,BTN,1998,569435,1.9037354324329,28.29,8.411,61.322,3.853,23.377,77.2082804292081,40.1472512227032,3.42198846224767,66.8,87.7
Bhutan,BT,BTN,1999,582579,2.28201573945798,26.833,8.055,62.032,3.607,24.383,75.4277454906802,39.4322486735704,3.56423763987373,63.4,83
Bhutan,BT,BTN,2000,596863,2.42228077592733,25.18,8.188,61.842,3.378,25.418,73.4829834295896,38.5958754354014,3.76166725027351,60.1,78.5
Bhutan,BT,BTN,2001,610794,2.30721437926679,23.865,7.65,63.323,3.188,26.48,71.2836303063954,37.6563639652944,3.9609885157774,56.7,74
Bhutan,BT,BTN,2002,624409,2.2045852261164,22.657,7.5,63.984,3.012,27.57,68.8778601179207,36.6259427922586,4.15961666120817,53.5,69.6
Bhutan,BT,BTN,2003,637663,2.10043282502438,21.706,7.386,64.662,2.865,28.688,66.3003338201544,35.5123823144966,4.35551039066843,50.3,65.4
Bhutan,BT,BTN,2004,650544,1.99990053168434,21.261,7.341,65.29,2.781,29.835,63.5658719822189,34.3176369948558,4.54496195110404,47.2,61.2
Bhutan,BT,BTN,2005,661865,1.72526717067528,21.114,7.362,65.875,2.726,30.965,61.0733763436673,33.2242729074109,4.69219199369056,44.1,57.1
Bhutan,BT,BTN,2006,670799,1.34079315421153,20.971,7.26,66.499,2.66,31.712,59.0913187428257,32.3613836921465,4.78168215688891,41.2,53.2
Bhutan,BT,BTN,2007,678641,1.16227298430616,20.795,7.059,67.152,2.589,32.469,57.3237111872517,31.5833408237934,4.85344976209808,38.4,49.6
Bhutan,BT,BTN,2008,686351,1.12968896454968,20.293,6.89,67.733,2.481,33.236,55.6333828414644,30.8135117356049,4.93296802003055,35.9,46.2
Bhutan,BT,BTN,2009,693988,1.10655106118336,19.641,6.797,68.156,2.364,34.01,54.1046110118023,30.0883444670513,5.02076404779333,33.6,43.1
Bhutan,BT,BTN,2010,701632,1.0954380761045,18.901,6.647,68.765,2.252,34.793,52.7571672414394,29.4217624053635,5.11486078172033,31.4,40.3
Bhutan,BT,BTN,2011,709377,1.0978069996978,18.224,6.549,69.28,2.155,35.585,51.5889144608205,28.8199363666992,5.21210865308574,29.5,37.7
Bhutan,BT,BTN,2012,717279,1.10777662014052,17.589,6.482,69.759,2.068,36.371,50.6230470718678,28.2989406500534,5.31020334472127,27.9,35.6
Bhutan,BT,BTN,2013,725273,1.10832494505463,17.065,6.463,70.161,2,37.149,49.8361719182554,27.8494442782235,5.41099696252308,26.5,33.8
Bhutan,BT,BTN,2014,733139,1.07871798585886,16.422,6.478,70.504,1.923,37.918,49.111096196049,27.419201939058,5.51675363283522,25.4,32.2
Bhutan,BT,BTN,2015,740618,1.01496572424441,15.656,6.526,70.797,1.835,38.678,48.341365124002,26.9546513857346,5.63326843257928,24.4,30.8
Bhutan,BT,BTN,2016,747866,0.973884473914115,14.81,6.568,71.119,1.738,39.428,47.5487362412969,26.4632300438849,5.76252965103374,23.4,29.6
Bhutan,BT,BTN,2017,754335,0.86127488782821,13.759,6.643,71.413,1.621,40.167,46.3188256242944,25.8193811896446,5.83666795035889,22.6,28.5
Bhutan,BT,BTN,2018,759759,0.716471130925301,12.941,6.48,71.711,1.517,40.895,44.6530941741602,25.0023362671584,5.86666298128749,21.8,27.4
Bhutan,BT,BTN,2019,764824,0.66444642692507,12.421,6.35,72.005,1.448,41.612,43.0441182246478,24.1635330481261,5.92796512661737,21.1,26.5
Bhutan,BT,BTN,2020,770006,0.675256502719854,12.952,6.275,72.253,1.502,42.316,41.6259265390204,23.3734542328242,6.01800505450607,20.3,25.5
Bhutan,BT,BTN,2021,775442,0.703488233671584,12.892,6.234,72.448,1.488,43.008,40.4434390615407,22.6702465627646,6.12663882446322,19.8,24.7
Bhutan,BT,BTN,2022,780914,0.703183917780367,12.807,6.143,72.754,1.478,43.686,39.4402135580812,22.0389043871,6.24575417667363,19.1,23.9
Bhutan,BT,BTN,2023,786385,0.698146584889649,12.663,6.11,72.975,1.462,44.35,38.5621629050646,21.461497866821,6.36869980988956,18.5,23.1
Bhutan,BT,BTN,2024,791524,0.651370664586926,NA,NA,NA,NA,45,37.7478603176371,20.9093969927652,6.49423991297806,NA,NA
India,IN,IND,1960,435990338,NA,42.902,19.421,45.61,5.921,17.924,78.1963185263407,40.5830655127958,3.29905246661682,150.6,241.1
India,IN,IND,1961,446564729,2.39642770212636,42.67,19.227,45.824,5.937,18.032,79.2466190568615,40.8724161026076,3.33852609678285,148.8,237.9
India,IN,IND,1962,457283090,2.3718292492177,42.475,18.981,46.133,5.953,18.218,80.3615159024236,41.1607018326008,3.39509788498313,147,234.8
India,IN,IND,1963,468138575,2.34617004494498,42.261,18.728,46.458,5.969,18.405,81.5177912967037,41.4507795047652,3.45820198645241,145.5,232
India,IN,IND,1964,479229598,2.34154578203199,42.061,18.512,46.742,5.979,18.595,82.2853750137233,41.6284156555789,3.51254807095617,144,229.3
India,IN,IND,1965,490140146,2.25115521196281,41.65,19.359,45.558,5.941,18.785,82.550938508717607,41.6687820140324,3.5519870473944,142.6,226.9
India,IN,IND,1966,500740247,2.13961351155644,41.205,19.058,45.884,5.881,18.977,82.623126636811,41.6636702861234,3.57875227872386,141.3,224.4
India,IN,IND,1967,511606372,2.14680270986968,40.831,18.783,46.184,5.825,19.171,82.5030296249276,41.6119803934068,3.59440871427849,140,222
India,IN,IND,1968,522716889,2.14844716038577,40.485,17.515,47.925,5.76,19.366,82.3426324478197,41.5489992342193,3.60919073308266,138.8,219.7
India,IN,IND,1969,533880544,2.11321172870178,40.058,17.267,48.26,5.684,19.562,82.2116927473581,41.4858386761944,3.63294125177274,137.3,217.2
India,IN,IND,1970,545864268,2.21982378728468,39.763,17.014,48.585,5.624,19.76,81.8831795123665,41.3587261036841,3.66092858087571,135.8,214.5
India,IN,IND,1971,558096387,2.21613325893602,39.724,16.812,48.902,5.565,19.991,81.5721664288433,41.2306463818492,3.69483317968977,134,211.5
India,IN,IND,1972,570482142,2.19501824226466,39.458,16.597,49.213,5.482,20.321,81.3068188425448,41.1093898370524,3.73548652092206,132.2,208.3
India,IN,IND,1973,583465598,2.25036255306664,39.299,16.311,49.642,5.402,20.653,80.9986462457341,40.9735754814576,3.77739254798137,130,204.7
India,IN,IND,1974,597041391,2.3000950671043,39,15.893,50.259,5.325,20.991,80.6676964293863,40.8343645306829,3.81539736497097,127.6,200.7
India,IN,IND,1975,611309535,2.36169921715702,38.362,15.528,50.761,5.195,21.332,80.2142744665989,40.6630683422924,3.847431563455,124.8,196.1
India,IN,IND,1976,625861883,2.3526277752357,38.244,15.179,51.302,5.13,21.677,79.736917591325,40.487766691489,3.87536062808925,121.9,191.2
India,IN,IND,1977,640801103,2.35894044670683,37.563,14.817,51.822,5.007,22.026,79.2201937493938,40.3047875995931,3.8979287618361,118.6,185.8
India,IN,IND,1978,655728229,2.30273010047879,37.149,14.429,52.42,4.888,22.379,78.708214458787,40.1251307879869,3.9177323567688,115.2,180.2
India,IN,IND,1979,671155747,2.32548037680355,37.001,14.066,53.014,4.808,22.736,78.2074598737802,39.9511959628286,3.93443029247757,111.7,174.5
India,IN,IND,1980,687354025,2.38482579119883,37.057,13.752,53.593,4.775,23.098,77.7617081261085,39.7975374918351,3.94737747847816,108.4,169.1
India,IN,IND,1981,703696250,2.34973202595162,36.761,13.424,54.173,4.698,23.417,77.4442996803025,39.6851893410582,3.95909783799409,105.3,163.8
India,IN,IND,1982,720313473,2.33396964438701,36.403,13.093,54.735,4.62,23.647,77.1464292145873,39.5799049561857,3.96962039053794,102.5,159
India,IN,IND,1983,737372681,2.3406940951715,36.125,12.773,55.283,4.565,23.879,76.8314430501224,39.4707064279418,3.97826496366921,99.9,154.5
India,IN,IND,1984,754875449,2.34593300498783,35.917,12.471,55.813,4.516,24.113,76.5377223359011,39.370183967925,3.98469867311846,97.6,150.3
India,IN,IND,1985,772647793,2.3270540843985,35.42,12.164,56.324,4.432,24.348,76.2649733062572,39.2770162225779,3.99021478858997,95.3,146.2
India,IN,IND,1986,790689978,2.30826458791438,35.22,11.879,56.819,4.399,24.585,75.9796715196638,39.1796534823412,3.99560135818491,93.1,142.2
India,IN,IND,1987,808931270,2.2808002561271,34.442,11.577,57.291,4.311,24.823,75.6478119789457,39.0660255969583,4.00186755050278,90.8,138.2
India,IN,IND,1988,827342990,2.25053923542519,33.892,11.286,57.744,4.222,25.063,75.2337643196994,38.9229795130071,4.01039265468364,88.5,134.2
India,IN,IND,1989,846039529,2.23467340339487,33.279,11,58.196,4.132,25.305,74.7462897436702,38.7520975394047,4.02208086426184,86.4,130.3
India,IN,IND,1990,864972221,2.213130886438,32.569,10.726,58.618,4.045,25.547,74.2102460090207,38.5602244453119,4.03787048090769,84.3,126.5
India,IN,IND,1991,883927600,2.16777668657973,32.023,10.472,59.032,3.959,25.778,73.6394717785432,38.3509937701057,4.05841411442611,82.4,122.9
India,IN,IND,1992,902957070,2.12998519274824,31.414,10.225,59.445,3.877,25.984,73.0414337152497,38.1269662687286,4.08340620224614,80.6,119.5
India,IN,IND,1993,922118387,2.09986069412181,30.771,10.001,59.823,3.799,26.191,72.42005748992,37.8896244154385,4.11248290182939,78.9,116.1
India,IN,IND,1994,941163767,2.04435418122792,30.295,9.777,60.237,3.723,26.399,71.767235521839,37.6354900955109,4.14618925499594,77.3,112.8
India,IN,IND,1995,960301044,2.01296632914892,29.77,9.572,60.63,3.651,26.607,71.0333210055779,37.3483016526577,4.18355923613031,75.6,109.5
India,IN,IND,1996,979678458,1.99775909414655,29.217,9.371,61.027,3.582,26.817,70.2088855735137,37.0248809038195,4.22377976579751,73.8,106
India,IN,IND,1997,999133762,1.966425183613,28.685,9.174,61.439,3.514,27.028,69.3432839707025,36.6813678630757,4.26698407588542,72,102.5
India,IN,IND,1998,1018665080,1.93596384442712,28.199,8.988,61.852,3.446,27.24,68.4423001360828,36.3196138518854,4.31287577856306,70.2,98.9
India,IN,IND,1999,1038225823,1.90202919152067,27.73,8.805,62.284,3.383,27.453,67.5027186489675,35.9382456334839,4.36123081288453,68.2,95.3
India,IN,IND,2000,1057922733,1.87939826197393,27.518,8.628,62.749,3.35,27.667,66.5658129376285,35.5530832514968,4.41058746962383,66.3,91.6
India,IN,IND,2001,1077898575,1.87060822112685,27.206,8.482,63.158,3.303,27.918,65.6393614041737,35.1665921350717,4.46128426322486,64.3,88
India,IN,IND,2002,1097600380,1.81129424097937,26.538,8.294,63.649,3.217,28.244,64.7352214074379,34.7802511535299,4.51627622226394,62.4,84.5
India,IN,IND,2003,1116803006,1.73438204419235,25.783,8.125,64.086,3.122,28.572,63.8360537864219,34.3900068263248,4.57336676437993,60.5,81.1
India,IN,IND,2004,1135991513,1.7035704679088,25.121,7.982,64.484,3.046,28.903,62.8827039448926,33.9801045969698,4.62602267494844,58.6,77.7
India,IN,IND,2005,1154676322,1.63142146860079,24.304,7.819,64.939,2.958,29.235,61.9081709086155,33.561919528129,4.67467509912271,56.7,74.4
India,IN,IND,2006,1172878890,1.56412522526913,23.564,7.67,65.373,2.867,29.569,60.9024728456723,33.1286520695793,4.72189908061262,54.8,71.1
India,IN,IND,2007,1190676021,1.50599144392136,22.932,7.536,65.803,2.775,29.906,59.8780645451957,32.6823291810805,4.7700034284851,52.8,67.9
India,IN,IND,2008,1207930964,1.43877181746736,22.506,7.41,66.247,2.711,30.246,58.8878284434793,32.2404380107605,4.82207897305879,50.8,64.6
India,IN,IND,2009,1225524753,1.44601731955273,22.211,7.29,66.7,2.674,30.587,57.9164697840483,31.797288593811,4.87809420851412,48.7,61.4
India,IN,IND,2010,1243481564,1.45460361883041,21.633,7.164,67.162,2.598,30.93,56.9435299366504,31.3423674128553,4.94044719106105,46.7,58.2
India,IN,IND,2011,1261224954,1.41682761544376,21.156,7.048,67.623,2.532,31.276,55.9876762675338,30.8799657912256,5.0124057389161,44.6,55
India,IN,IND,2012,1278674502,1.37405616603306,20.672,6.945,68.076,2.47,31.634,55.060078071414,30.4154795250561,5.09338826047327,42.5,52
India,IN,IND,2013,1295829511,1.33270430507476,20.061,6.859,68.499,2.399,32.003,54.1378376565175,29.9403754395359,5.18262772655076,40.5,49.1
India,IN,IND,2014,1312277191,1.26129027125347,19.089,6.77,68.932,2.293,32.384,53.2421090234343,29.4366305001804,5.30715461269221,38.5,46.3
India,IN,IND,2015,1328024498,1.19285563384335,18.936,6.729,69.326,2.289,32.777,52.3977058192572,28.9130012076453,5.46921307827757,36.6,43.6
India,IN,IND,2016,1343944296,1.19162966402099,18.756,6.7,69.709,2.284,33.182,51.5768937298059,28.3851530629213,5.64173085340436,34.7,41.1
India,IN,IND,2017,1359657400,1.1623961434697,17.995,6.673,70.068,2.193,33.6,50.7672033452389,27.8478721919213,5.8247052897296,33,38.7
India,IN,IND,2018,1374659064,1.09729906702925,17.91,6.67,70.415,2.184,34.03,50.0307900245271,27.3277554659182,6.01925951437221,31.3,36.4
India,IN,IND,2019,1389030312,1.04001395098104,17.368,6.67,70.746,2.12,34.472,49.3781313856783,26.832323620307,6.22347304109804,29.7,34.3
India,IN,IND,2020,1402617695,0.973438646910149,16.744,7.214,70.156,2.047,34.926,48.725925362152,26.3453740591996,6.41685302336898,28.2,32.4
India,IN,IND,2021,1414203896,0.822648220128724,16.491,9.259,67.282,2.014,35.393,48.0405766189907,25.9051614152815,6.54579069268807,26.8,30.6
India,IN,IND,2022,1425423212,0.790200540609834,16.336,6.576,71.698,1.994,35.872,47.4637059570602,25.4877038842946,6.69899975408181,25.6,29.1
India,IN,IND,2023,1438069596,0.883289539766135,16.146,6.611,72.003,1.975,36.364,47.0132181120622,25.0570622244071,6.92184330138637,24.5,27.7
India,IN,IND,2024,1450935791,0.890706546985984,NA,NA,NA,NA,36.867,46.5639973059355,24.6239027058366,7.14651714039908,NA,NA
Maldives,MV,MDV,1960,91189,NA,51.204,26.63,38.244,6.713,11.173,69.7171040387121,37.8760712582041,3.2026713601895,NA,NA
Maldives,MV,MDV,1961,93450,2.44922581308314,51.708,26.526,38.645,6.792,11.23,70.5976852020884,38.1954959630603,3.18674792267481,NA,NA
Maldives,MV,MDV,1962,95802,2.48570276840475,52.155,26.321,39.09,6.887,11.288,72.0211161387632,38.6928247844513,3.17477714452725,239.5,333.6
Maldives,MV,MDV,1963,98222,2.49466612698065,52.093,25.959,39.593,6.941,11.345,74.0167245411381,39.3761071857629,3.15815194152023,235,324.6
Maldives,MV,MDV,1964,100662,2.45381471608925,51.908,25.485,40.152,7.003,11.404,76.7395312088491,40.2838211042896,3.13524468021696,229.8,315.1
Maldives,MV,MDV,1965,104102,3.36028177159204,51.063,24.676,40.759,7.07,11.458,80.7891354937307,41.7849801156558,2.9019615377226202,224.9,306
Maldives,MV,MDV,1966,108507,4.14434992962319,49.983,23.763,41.406,7.145,11.393,85.2477208317684,43.5499255804952,2.46805490915291,219.7,296.8
Maldives,MV,MDV,1967,112528,3.63873925371918,49.301,22.552,42.106,7.227,11.336,88.2841127750356,44.7192908400169,2.16924751727356,214.1,287.1
Maldives,MV,MDV,1968,116075,3.10344543403231,48.72,21.585,42.852,7.279,11.516,89.8403768153866,45.2119113155775,2.11200565154276,208.3,277.4
Maldives,MV,MDV,1969,119564,2.96152589554649,48.24,20.968,43.654,7.327,11.698,90.867295627604,45.4440527418485,2.16328561810251,202.5,267.9
Maldives,MV,MDV,1970,123219,3.01114671263878,48.001,20.285,44.522,7.391,11.893,91.7582246568521,45.6355985505423,2.21517061155589,196.2,257.8
Maldives,MV,MDV,1971,127035,3.04993790538336,47.449,19.514,45.454,7.384,12.842,92.3853947388348,45.754713267997,2.26669815405203,189.4,247.4
Maldives,MV,MDV,1972,130968,3.04903795103684,47.034,18.724,46.431,7.374,13.858,92.6198285117586,45.765759574858,2.31850528373343,181.8,236.1
Maldives,MV,MDV,1973,134952,2.99661411059698,47.014,17.933,47.459,7.399,14.936,92.3927919708029,45.655693669995,2.36749967581186,173.7,224.4
Maldives,MV,MDV,1974,138978,2.93964875648331,46.844,17.082,48.535,7.377,16.085,92.2439550711005,45.5656810226042,2.41728037070482,165.5,212.4
Maldives,MV,MDV,1975,143158,2.96332681946064,46.528,16.312,49.645,7.321,17.304,92.7106049592117,45.6429259978485,2.46615627488509,157.2,200.6
Maldives,MV,MDV,1976,147525,3.00487375257827,46.429,15.668,50.753,7.292,18.596,93.3207532334788,45.7575131079034,2.51481947188791,149.2,189.3
Maldives,MV,MDV,1977,151930,2.94222355124426,46.469,15.015,51.835,7.266,19.958,93.4810569882203,45.7424471796222,2.57289541236096,141.6,178.6
Maldives,MV,MDV,1978,156159,2.7454830500079,46.61,15.794,50.448,7.229,20.978,93.6783747581485,45.7746456324824,2.59319857708674,134.4,168.6
Maldives,MV,MDV,1979,160360,2.65465688185522,46.587,13.692,53.871,7.233,21.607,94.0547212507715,45.8914317784984,2.57639062110252,127.5,159.2
Maldives,MV,MDV,1980,164835,2.75236857926909,46.57,13.044,54.819,7.226,22.25,94.2137075395002,45.9444292777626,2.5658992325659,120.8,150.1
Maldives,MV,MDV,1981,169532,2.80967259952847,46.535,12.457,55.729,7.191,22.905,94.0835718374356,45.9215784584077,2.55437747924439,114.6,141.8
Maldives,MV,MDV,1982,174333,2.79255637868145,46.657,11.907,56.614,7.146,23.574,93.565686622846,45.799836519295,2.53796624266846,108.8,134
Maldives,MV,MDV,1983,179128,2.71333707399412,46.895,11.384,57.484,7.092,24.257,92.6397522207644,45.5690902594793,2.5205439685588,103.3,126.8
Maldives,MV,MDV,1984,184198,2.79106319099223,47.112,10.847,58.341,7.025,24.954,91.8180114133378,45.3617846013529,2.50518463826969,98.2,119.9
Maldives,MV,MDV,1985,190169,3.19018844984361,46.924,10.408,59.18,6.939,25.491,92.2841253791709,45.4792842156187,2.51460542990708,93.3,113.4
Maldives,MV,MDV,1986,196935,3.49605745567876,46.304,9.978,59.993,6.846,25.57,93.9548534509927,45.8878668396505,2.55388185471893,88.6,107.3
Maldives,MV,MDV,1987,203944,3.49717213013985,45.314,9.522,60.789,6.731,25.648,95.689804064557,46.3038873416232,2.59507511866002,84.1,101.4
Maldives,MV,MDV,1988,210885,3.34675148443986,44.207,9.051,61.59,6.583,25.727,96.9930501064903,46.6096370288001,2.62703043609179,79.8,95.9
Maldives,MV,MDV,1989,217738,3.19795439440367,42.895,8.576,62.375,6.386,25.806,97.8860695070525,46.8072940706398,2.65869380013181,75.7,90.6
Maldives,MV,MDV,1990,224762,3.17495594408846,41.254,8.136,63.148,6.13,25.84,98.7171439433457,46.9681262846923,2.70908783513227,71.8,85.7
Maldives,MV,MDV,1991,231802,3.08414944112238,39.156,7.684,63.911,5.796,25.776,99.4047158206233,47.0756228928631,2.77521931480167,68,80.8
Maldives,MV,MDV,1992,238543,2.86660285823986,36.973,7.227,64.664,5.435,25.713,99.5766576030119,47.0468636681856,2.8470757892707,64.2,76.1
Maldives,MV,MDV,1993,244884,2.62350414564248,34.745,6.804,65.434,5.063,25.649,99.0538431525556,46.8423825158034,2.91995393737443,60.5,71.5
Maldives,MV,MDV,1994,250822,2.39588951749495,32.537,6.421,66.197,4.688,25.586,97.7943379859633,46.4510688855045,2.99136439387295,56.7,66.8
Maldives,MV,MDV,1995,256649,2.29658684319165,30.148,6.079,66.962,4.292,25.638,95.7658276125095,45.8488051774992,3.06975674949055,52.8,62.2
Maldives,MV,MDV,1996,262347,2.19586623197496,27.421,5.672,67.734,3.859,26.008,93.0398887441778,45.0308179624696,3.16641699733559,48.9,57.4
Maldives,MV,MDV,1997,267707,2.02250438967603,24.946,5.273,68.517,3.477,26.379,89.8914022655857,44.0506896519522,3.28773007853721,45.1,52.8
Maldives,MV,MDV,1998,272723,1.85635292041612,22.98,4.944,69.303,3.171,26.755,86.4109854957554,42.923484494312,3.4315100514259,41.2,48.1
Maldives,MV,MDV,1999,277412,1.70471377146204,21.22,4.633,70.157,2.899,27.134,82.5926413479892,41.6393306706271,3.59393249030323,37.3,43.6
Maldives,MV,MDV,2000,282019,1.64706787778788,19.916,4.412,70.892,2.691,27.706,78.4343127578265,40.1959445922874,3.76092348551602,33.5,39
Maldives,MV,MDV,2001,286767,1.66955947887464,19.105,4.211,71.659,2.532,28.859,74.1718596261069,38.6598899805592,3.92565405772969,29.8,34.7
Maldives,MV,MDV,2002,291616,1.67678289699847,18.666,4.069,72.36,2.425,30.042,70.1555589268418,37.134965159662,4.09545429606057,26.5,30.8
Maldives,MV,MDV,2003,296491,1.65789955318333,18.448,3.89,73.263,2.342,31.252,66.4206289957734,35.6447581882755,4.2667399684982,23.4,27.2
Maldives,MV,MDV,2004,301413,1.64645534671167,18.326,4.103,73.008,2.262,32.49,62.8912667531345,34.1749263882553,4.43428855803923,21.8,27
Maldives,MV,MDV,2005,306429,1.65046635945583,18.322,3.66,74.785,2.199,33.75,59.5743351264653,32.7392316001423,4.59404951881186,18.6,21.6
Maldives,MV,MDV,2006,313851,2.39322700867029,18.819,3.635,75.256,2.204,34.794,55.9074245178981,31.1832684936483,4.67610426603707,16.7,19.4
Maldives,MV,MDV,2007,324479,3.33024681100438,19.955,3.547,75.711,2.293,35.2,51.9067994981367,29.5136202959205,4.65654171764583,15.2,17.6
Maldives,MV,MDV,2008,336170,3.53961652894355,20.904,3.485,75.999,2.371,35.61,48.3264355238658,27.9825683433977,4.59856620162418,13.9,16.1
Maldives,MV,MDV,2009,348275,3.5375413198881702,21.267,3.388,76.371,2.39,36.021,45.3985271278994,26.6971502404709,4.52630823343622,12.8,14.9
Maldives,MV,MDV,2010,360792,3.53092174013543,20.889,3.288,76.756,2.349,36.434,43.0783141130375,25.6643717155591,4.44383467482649,11.9,13.8
Maldives,MV,MDV,2011,373674,3.50821445523557,20.401,3.196,77.141,2.307,36.849,41.2814899674467,24.8636512039906,4.35566830981015,11.1,12.9
Maldives,MV,MDV,2012,386818,3.45705386277423,19.774,3.112,77.512,2.254,37.267,39.9334370365011,24.2745942536283,4.2628574678531,10.4,12.1
Maldives,MV,MDV,2013,400070,3.36852336235274,18.803,3.037,77.847,2.174,37.685,38.9411756534302,23.8514211870158,4.17576402159119,9.8,11.3
Maldives,MV,MDV,2014,413617,3.33008930667728,17.76,2.958,78.187,2.089,38.106,38.1726285126341,23.5287717864595,4.09799403796266,9.1,10.5
Maldives,MV,MDV,2015,428154,3.45425190846638,16.664,2.851,78.607,2.004,38.529,37.4098572157554,23.2102234242819,4.01479374243847,8.5,9.9
Maldives,MV,MDV,2016,443308,3.47818441091268,15.512,2.763,78.913,1.903,38.954,36.5731854969146,22.8470950219712,3.93214198706091,8,9.2
Maldives,MV,MDV,2017,458287,3.3230837355609,14.342,2.685,79.228,1.798,39.38,35.7416836237512,22.4629980776238,3.86766371291352,7.4,8.6
Maldives,MV,MDV,2018,473099,3.18090435033978,13.395,2.642,79.433,1.71,39.808,34.958294347201,22.0713022763758,3.83165450746515,6.9,8
Maldives,MV,MDV,2019,487731,3.04593554452725,12.597,2.579,79.707,1.64,40.238,34.2339490950724,21.6703469740492,3.83285048520598,6.4,7.4
Maldives,MV,MDV,2020,502118,2.90711274683574,12.112,2.963,78.713,1.613,40.669,33.5342081048449,21.2431925929835,3.86970406388133,6,6.9
Maldives,MV,MDV,2021,516154,2.75700187362712,11.694,3.118,78.052,1.599,41.102,32.7942534738749,20.7675623627467,3.92790129292933,5.6,6.4
Maldives,MV,MDV,2022,524106,1.528878337276,11.396,2.329,80.76,1.583,41.536,32.3871085076878,20.3824031947705,4.08161318358005,5.3,6
Maldives,MV,MDV,2023,525994,0.359585188904548,11.018,2.338,81.041,1.575,41.971,32.264975533215,20.0489929542923,4.34510659817412,5,5.7
Maldives,MV,MDV,2024,527799,0.342572358181693,NA,NA,NA,NA,42.407,31.9824156478728,19.5920227207706,4.64021341457638,NA,NA
Nepal,NP,NPL,1960,10123658,NA,44.806,24.717,38.652,6.069,3.48,77.4951855171379,40.68186910888,2.97857735916319,217.3,327.6
Nepal,NP,NPL,1961,10318396,1.90532606188008,44.817,24.473,38.966,6.093,3.571,77.5409814346199,40.6685128516347,3.00646064594054,214.9,323.6
Nepal,NP,NPL,1962,10521116,1.9455963716381801,44.639,24.169,39.333,6.082,3.612,77.4857389633536,40.6230859920183,3.03435966298632,211.9,318.6
Nepal,NP,NPL,1963,10729818,1.96423093760974,44.387,23.922,39.608,6.056,3.653,77.2604060901965,40.5230479900476,3.06277780933573,208.6,313.2
Nepal,NP,NPL,1964,10946392,1.99833095399361,44.218,23.394,40.229,6.043,3.695,77.0756672979325,40.4345514028732,3.09242077206809,204.8,306.9
Nepal,NP,NPL,1965,11173411,2.05270337462848,43.908,22.99,40.688,6.007,3.737,77.0239367230435,40.3871163425385,3.12335239435836,200.7,300.2
Nepal,NP,NPL,1966,11408710,2.08401607663451,43.714,22.527,41.239,5.98,3.78,77.0065597577172,40.3500027457091,3.15491395806739,196.4,293.5
Nepal,NP,NPL,1967,11652716,2.11621871256892,43.525,22.136,41.71,5.954,3.823,77.0223160179539,40.3236335631968,3.18630866829673,192.1,286.5
Nepal,NP,NPL,1968,11906266,2.15255302704586,43.467,21.776,42.173,5.944,3.867,77.08152781684,40.3120449218905,3.216793442344,188,279.8
Nepal,NP,NPL,1969,12167036,2.16655114658881,43.062,21.318,42.722,5.893,3.911,77.1817596672773,40.3138488289177,3.24693705188347,183.9,273.4
Nepal,NP,NPL,1970,12436190,2.18804426803254,42.871,20.964,43.151,5.869,3.956,77.3112884798898,40.3257605555142,3.27624872554411,179.9,267.2
Nepal,NP,NPL,1971,12710061,2.17831142561141,42.686,20.597,43.616,5.845,4.005,77.5268188520006,40.3662972191872,3.30418555819677,176.4,261.5
Nepal,NP,NPL,1972,12989099,2.17165826695401,42.291,20.218,44.068,5.801,4.198,77.7946702795663,40.4241795533385,3.33116266690872,172.9,255.7
Nepal,NP,NPL,1973,13275239,2.17901035024548,41.575,19.824,44.485,5.701,4.399,78.0203817949094,40.469315073374,3.35734432512498,169.4,250.1
Nepal,NP,NPL,1974,13568435,2.184556853433,41.837,19.5,44.919,5.75,4.61,78.2872698193033,40.5291398750114,3.38160959609564,166.1,244.7
Nepal,NP,NPL,1975,13870695,2.20322019517039,41.604,19.076,45.499,5.733,4.83,78.6044059125784,40.6060186602041,3.40432112450025,162.7,239
Nepal,NP,NPL,1976,14177649,2.18883692426696,41.526,18.728,45.991,5.717,5.061,78.924904446075,40.6840675529466,3.42656587751023,159.1,233.3
Nepal,NP,NPL,1977,14499175,2.24250407950159,41.207,18.251,46.628,5.688,5.302,79.1872666493896,40.7441423391331,3.44832033546736,155.5,227.4
Nepal,NP,NPL,1978,14839695,2.32139337112464,41.146,17.846,47.202,5.676,5.553,79.3902588362096,40.7856919975211,3.4699229509123,151.8,221.2
Nepal,NP,NPL,1979,15190590,2.33704722289842,40.847,17.438,47.766,5.644,5.816,79.59928333329,40.8288730335317,3.49161564796416,148,214.9
Nepal,NP,NPL,1980,15553105,2.35841399523803,40.432,17.012,48.333,5.603,6.091,79.7656324134908,40.8583610520741,3.51365198416483,144,208.3
Nepal,NP,NPL,1981,15922423,2.34680701789386,40.261,16.763,48.662,5.576,6.376,79.9328044204299,40.8891234986385,3.53457521931729,140,201.7
Nepal,NP,NPL,1982,16297987,2.33132359261436,40.06,16.392,49.181,5.549,6.616,80.1203772694931,40.928691349162,3.55288344649915,136.1,195.1
Nepal,NP,NPL,1983,16689119,2.37153469272205,39.961,16.047,49.676,5.536,6.864,80.2713242853739,40.9601609288064,3.56790253577795,132,188.4
Nepal,NP,NPL,1984,17085242,2.34580997576512,39.74,15.677,50.227,5.509,7.121,80.4676078171735,41.0083626559109,3.58003123397374,127.9,181.6
Nepal,NP,NPL,1985,17477692,2.27102749578173,39.424,15.208,50.922,5.457,7.386,80.7453109116123,41.0827425349623,3.59078600283109,123.8,174.8
Nepal,NP,NPL,1986,17868124,2.20930183498894,39.09,14.756,51.594,5.4,7.66,81.0600531908318,41.1684461110747,3.60125942712285,119.5,167.9
Nepal,NP,NPL,1987,18250505,2.11744076321302,38.88,14.256,52.382,5.348,7.944,81.4770009373898,41.2839441625329,3.61265609875847,114.9,160.7
Nepal,NP,NPL,1988,18638661,2.10452210347206,38.667,13.795,53.109,5.307,8.238,81.9685234321807,41.4209287888223,3.62451465800038,110.4,153.4
Nepal,NP,NPL,1989,19057807,2.22388619806665,38.354,13.232,54.013,5.258,8.541,82.3212937998171,41.5161214111329,3.63565168763511,105.8,146.1
Nepal,NP,NPL,1990,19524573,2.41969921944806,38.127,12.764,54.771,5.211,8.854,82.4138121433919,41.5344909207489,3.6450989222658,101.2,138.9
Nepal,NP,NPL,1991,20036500,2.58817841764484,37.807,12.242,55.65,5.151,9.18,82.3146467000289,41.4968322437344,3.65293829628582,96.6,131.8
Nepal,NP,NPL,1992,20609707,2.82065681366559,37.502,11.639,56.686,5.074,9.582,81.9837250719137,41.3913380719095,3.65869587568615,92.1,124.8
Nepal,NP,NPL,1993,21180159,2.73026688257275,37.71,11.197,57.597,5.042,9.999,81.8258370514492,41.3371717685682,3.66514254366888,87.8,118.2
Nepal,NP,NPL,1994,21717479,2.50525729621082,37.267,10.639,58.631,4.964,10.433,81.9369587333842,41.3614660652248,3.67443900082599,83.6,111.8
Nepal,NP,NPL,1995,22245439,2.40195786457922,36.848,10.268,59.323,4.869,10.883,82.1310872499135,41.4088119366851,3.68567911831275,79.7,105.8
Nepal,NP,NPL,1996,22741862,2.20703682810923,35.332,9.824,60.044,4.668,11.35,82.3282875131383,41.4524061398315,3.70147132191726,75.9,100
Nepal,NP,NPL,1997,23219463,2.07834822711058,33.715,9.344,60.823,4.442,11.834,82.2646727822246,41.411481854931,3.72324940768978,72.2,94.4
Nepal,NP,NPL,1998,23680357,1.96550365283425,32.713,8.947,61.532,4.275,12.336,81.9808345109139,41.2989487447339,3.75020950908806,68.6,89.1
Nepal,NP,NPL,1999,24125199,1.86110099800161,31.792,8.669,62.035,4.13,12.857,81.5529364487184,41.1385269816842,3.78111699721109,65.1,84
Nepal,NP,NPL,2000,24546509,1.73127486408485,30.959,8.369,62.642,3.984,13.397,81.0445699996489,40.9492588131371,3.81572385710734,61.8,79.2
Nepal,NP,NPL,2001,24946748,1.61738284845393,29.777,8.046,63.288,3.793,13.947,80.4071397893568,40.7152447284913,3.85457655643132,58.8,74.8
Nepal,NP,NPL,2002,25328981,1.52057612057996,28.641,7.912,63.507,3.604,14.24,79.5878346721543,40.4117441597828,3.90519658094418,55.9,70.6
Nepal,NP,NPL,2003,25688758,1.41042300664335,27.732,7.623,64.229,3.439,14.538,78.6140023049205,40.0462151567192,3.96713410653925,53.3,66.9
Nepal,NP,NPL,2004,26016656,1.26834840063401,26.837,7.432,64.744,3.279,14.841,77.5292988288111,39.6369579549347,4.03430978985155,50.9,63.5
Nepal,NP,NPL,2005,26309458,1.11915460082368,25.837,7.247,65.275,3.115,15.149,76.3566959043179,39.1762327448935,4.12050487699138,48.8,60.4
Nepal,NP,NPL,2006,26565425,0.968206396130087,24.936,7.043,65.891,2.967,15.462,75.0965421342507,38.6580082693578,4.23064197600155,46.9,57.6
Nepal,NP,NPL,2007,26788492,0.83618340426827,24.351,7.001,66.169,2.857,15.781,73.7412792890358,38.0904438368535,4.35271235125889,45.1,55.1
Nepal,NP,NPL,2008,26990037,0.749540559520267,23.729,6.969,66.442,2.737,16.105,72.2103147648034,37.4515270208781,4.47994198748227,43.4,52.7
Nepal,NP,NPL,2009,27173035,0.675732337813135,23.236,6.996,66.6,2.63,16.434,70.5131590457199,36.7462051395106,4.60729551570694,41.8,50.5
Nepal,NP,NPL,2010,27341952,0.619710468212554,22.851,7.028,66.772,2.541,16.768,68.7230673269311,36.0007885318358,4.73049428346421,40.2,48.3
Nepal,NP,NPL,2011,27464494,0.447181720951167,22.653,6.998,67.123,2.462,17.108,67.1104103276562,35.2982927702946,4.86103075483568,38.7,46.2
Nepal,NP,NPL,2012,27534915,0.256079255262795,22.651,7.029,67.364,2.42,17.458,65.8847037805744,34.7058126019274,5.01135195078685,37.1,44.1
Nepal,NP,NPL,2013,27589996,0.199840751964584,22.458,7.061,67.598,2.36,17.815,64.8884391194323,34.173187266863,5.17974703584589,35.6,42.1
Nepal,NP,NPL,2014,27672370,0.298119921280857,22.39,7.098,67.812,2.319,18.182,63.8731073448067,33.6340117169945,5.3431636925779,34.1,40.1
Nepal,NP,NPL,2015,27823629,0.545118124856758,22.141,7.385,67.374,2.273,18.557,62.6773848232675,33.0460361586909,5.482604371989,32.6,38.2
Nepal,NP,NPL,2016,27955462,0.472697719209503,21.943,7.065,68.444,2.226,18.942,61.6232358975145,32.5018792391984,5.6258290419239,31.2,36.4
Nepal,NP,NPL,2017,28011258,0.199389989212823,21.572,7.07,68.74,2.173,19.336,60.8935676824888,32.0596418768482,5.78746945246086,29.9,34.6
Nepal,NP,NPL,2018,28079689,0.244000280298262,21.122,7.07,69.036,2.12,19.74,60.1789003710396,31.6230621357665,5.94674321357334,28.5,33
Nepal,NP,NPL,2019,28414064,1.18377302604311,20.648,7.024,69.299,2.08,20.153,58.7001840122581,30.9398988286205,6.04820039203474,27.3,31.4
Nepal,NP,NPL,2020,28966574,1.92583106605859,20.168,7.272,69.106,2.051,20.576,56.652683071554,30.0759898275165,6.08852455094405,26.1,29.9
Nepal,NP,NPL,2021,29475010,1.74002411752275,19.675,7.761,68.385,2.025,21.008,54.9709890210653,29.3609213364135,6.11086985212219,25.1,28.6
Nepal,NP,NPL,2022,29715436,0.81238557412485,19.643,6.888,70.087,2.002,21.451,54.1657821006166,28.9372432563332,6.19751969986239,24.2,27.5
Nepal,NP,NPL,2023,29694614,-0.0700958873206174,19.34,6.932,70.354,1.984,21.903,54.0220133747515,28.7136275165317,6.36058770858938,23.3,26.5
Nepal,NP,NPL,2024,29651054,-0.146800968936231,NA,NA,NA,NA,22.366,53.6868554776039,28.4291693571977,6.50345841831696,NA,NA
Pakistan,PK,PAK,1960,45709310,NA,46.693,20.065,44.101,6.8,22.104,77.7069677889498,41.3154239400619,2.41216179386827,167,250.1
Pakistan,PK,PAK,1961,46921277,2.61692428891528,46.63,19.483,44.956,6.8,22.501,78.0687977339578,41.4076358151974,2.43429542635849,162,241.2
Pakistan,PK,PAK,1962,48156128,2.59771591436219,46.448,18.857,45.85,6.8,22.751,78.6852973926361,41.5777919435071,2.4578938578481,157.4,232.9
Pakistan,PK,PAK,1963,49447776,2.64686832380638,46.242,18.234,46.761,6.8,23.002,79.6428670038074,41.8479684692793,2.48602993273176,153.1,225.2
Pakistan,PK,PAK,1964,50799999,2.69792525640101,45.998,17.506,47.831,6.8,23.256,81.0257819209402,42.2385407700644,2.52070967047943,149.3,218.1
Pakistan,PK,PAK,1965,52209010,2.73587504585891,45.721,17.066,48.495,6.8,23.511,82.5342747726101,42.6532186939881,2.56255005182583,145.9,211.8
Pakistan,PK,PAK,1966,53678667,2.77605746573216,45.403,16.223,49.797,6.8,23.769,83.9055142087154,43.0087077236847,2.61554371311046,143.1,206.3
Pakistan,PK,PAK,1967,55214768,2.82147937181904,45.08,15.618,50.763,6.8,24.028,85.1359438007866,43.3056556236399,2.6799822587321,140.8,201.5
Pakistan,PK,PAK,1968,56810507,2.84908372808406,44.714,15.084,51.624,6.8,24.289,86.1974696183078,43.5445634770997,2.7490143438694,139,197.4
Pakistan,PK,PAK,1969,58460939,2.86375308045611,44.304,14.65,52.316,6.8,24.552,87.0696084228225,43.7275331824554,2.81642841898246,137.3,193.6
Pakistan,PK,PAK,1970,60166719,2.87605370916423,44.083,14.273,52.943,6.801,24.817,87.7599428869068,43.8631351672747,2.87736894147935,136,190.2
Pakistan,PK,PAK,1971,61847899,2.75587700704686,43.945,16.533,49.002,6.802,25.084,88.3123938670614,43.9738555712793,2.92289554635562,134.7,187
Pakistan,PK,PAK,1972,63583194,2.76710611631107,43.833,13.75,53.824,6.805,25.353,88.7370094356937,44.0532891124242,2.96293228865687,133.6,183.9
Pakistan,PK,PAK,1973,65461912,2.91192871794029,43.733,13.61,54.09,6.808,25.671,89.0255342479234,44.0904785664488,3.00661625185485,132.6,181.1
Pakistan,PK,PAK,1974,67415487,2.94062916480139,43.59,13.507,54.266,6.811,26.005,89.1858564816686,44.0940788575776,3.04784640953495,131.7,178.4
Pakistan,PK,PAK,1975,69461175,2.98931944120814,43.493,13.263,54.722,6.812,26.341,89.2180959941713,44.0626627460401,3.08826979180622,130.8,175.9
Pakistan,PK,PAK,1976,71620254,3.06099476757709,43.408,13.084,55.069,6.808,26.681,89.1258463793923,43.99695200748,3.12820167373184,130.1,173.5
Pakistan,PK,PAK,1977,73901827,3.13596391872731,43.439,12.887,55.482,6.799,27.023,88.9482889442391,43.9087213371009,3.16674577499454,129.3,171.3
Pakistan,PK,PAK,1978,76307379,3.20320937214696,43.499,12.616,56.072,6.783,27.368,88.7396426151106,43.8134735055343,3.2034870231653,128.6,169.1
Pakistan,PK,PAK,1979,78997039,3.46407267837998,43.508,12.351,56.614,6.761,27.715,88.292857948665,43.6550049448372,3.23623646681089,127.9,167
Pakistan,PK,PAK,1980,82291010,4.08514964566703,43.642,12.066,57.199,6.734,28.066,87.2404618832674,43.3370935658707,3.2556466374638,127.1,164.9
Pakistan,PK,PAK,1981,85802049,4.17810201190455,44.405,11.883,57.764,6.704,28.38,86.3582298727762,43.0712526278291,3.26865443930917,126.2,162.7
Pakistan,PK,PAK,1982,89089246,3.75957440174228,44.648,11.707,58.291,6.674,28.619,86.2282607132429,43.015796446497,3.28666045330915,125.2,160.5
Pakistan,PK,PAK,1983,92227711,3.46220072057645,44.671,11.571,58.663,6.644,28.859,86.5734749859611,43.0938294673713,3.30798354086875,124.1,158.1
Pakistan,PK,PAK,1984,95164936,3.13509160725294,44.515,11.459,58.921,6.615,29.101,87.3779148345794,43.2992678101523,3.33264974822239,122.7,155.6
Pakistan,PK,PAK,1985,98229285,3.1692834201536,44.26,11.344,59.075,6.585,29.344,88.1450659406049,43.495015038056,3.35450826423857,121.2,153
Pakistan,PK,PAK,1986,101606764,3.38057189066263,44.147,11.259,59.167,6.554,29.588,88.6277391667405,43.6152936629298,3.37023428873298,119.6,150.4
Pakistan,PK,PAK,1987,105130717,3.40943919604165,43.993,11.188,59.222,6.518,29.833,89.0604180319788,43.7247184379043,3.38213711602481,118,147.7
Pakistan,PK,PAK,1988,108724739,3.36148582370259,43.774,11.079,59.36,6.476,30.08,89.5185026194753,43.8429567357115,3.39174691699307,116.3,145.1
Pakistan,PK,PAK,1989,112336629,3.26806216038551,43.417,10.942,59.528,6.425,30.327,90.0358993217998,43.9779270213722,3.40043630559911,114.5,142.4
Pakistan,PK,PAK,1990,116155576,3.34304854189447,42.89,10.763,59.728,6.364,30.576,90.3524722641165,44.0600595876689,3.40581841718903,112.7,139.8
Pakistan,PK,PAK,1991,120060406,3.30645345087216,42.462,10.625,59.864,6.291,30.826,90.6055379024562,44.1257917946496,3.40983519825081,110.8,137.1
Pakistan,PK,PAK,1992,123546848,2.86254207102062,41.988,10.513,59.983,6.207,31.077,91.3237120318044,44.3133387574836,3.41922481333063,108.7,134.2
Pakistan,PK,PAK,1993,127020117,2.7725055318492,41.179,10.351,60.083,6.112,31.329,91.9353108787057,44.4703394678433,3.42877342582189,106.5,131.1
Pakistan,PK,PAK,1994,130748083,2.89269657804833,40.449,10.187,60.197,6.008,31.582,92.1153641235323,44.5125313997912,3.43541059795118,104.2,128
Pakistan,PK,PAK,1995,134582253,2.89031173222832,39.581,10.029,60.273,5.894,31.836,92.0050933998263,44.4766840840449,3.44136384757952,101.7,124.7
Pakistan,PK,PAK,1996,138557092,2.9106898704011,38.86,9.834,60.466,5.771,32.092,91.5013917796717,44.3345774185798,3.44648075988229,99.1,121.2
Pakistan,PK,PAK,1997,142531804,2.82827034753681,38.03,9.658,60.623,5.642,32.348,90.7652198383735,44.1269121942777,3.45263082476666,96.4,117.8
Pakistan,PK,PAK,1998,146522356,2.76128567260809,37.363,9.348,61.134,5.507,32.585,89.8748985312392,43.8731381847052,3.4606057094134,93.9,114.5
Pakistan,PK,PAK,1999,150565377,2.7219371038823,37.203,9.122,61.54,5.462,32.783,88.9480257631773,43.6052111103869,3.47018225843515,91.4,111.2
Pakistan,PK,PAK,2000,154879127,2.82475983542412,36.541,8.899,61.903,5.352,32.982,87.8265663645158,43.2810511750917,3.47834412663736,89.1,108.1
Pakistan,PK,PAK,2001,159270907,2.79615830892104,35.71,8.685,62.241,5.182,33.18,86.5773622162083,42.9150808439862,3.48784853720962,87,105.3
Pakistan,PK,PAK,2002,163222549,2.45080308981688,34.883,8.492,62.556,5.012,33.38,85.5449528888916,42.6000131188981,3.50469191758336,85,102.8
Pakistan,PK,PAK,2003,167110248,2.35391613887513,34.295,8.32,62.834,4.894,33.58,84.4400864362812,42.2571229742894,3.524728477454,83.4,100.5
Pakistan,PK,PAK,2004,171286000,2.4680911760913,33.21,8.137,63.097,4.685,33.781,83.0037628777389,41.8116784208867,3.54463674789533,81.8,98.5
Pakistan,PK,PAK,2005,175453212,2.40377350441569,32.887,8.411,62.416,4.595,33.982,81.4989219399268,41.3367999745231,3.56645421924093,80.4,96.5
Pakistan,PK,PAK,2006,179682690,2.3820052866049,33.162,7.904,63.624,4.589,34.184,80.100024981889,40.8849528020757,3.59034640454236,79,94.7
Pakistan,PK,PAK,2007,184493231,2.6420312522935,33.262,7.84,63.807,4.554,34.387,78.616390172067,40.4019704668785,3.61212575764399,77.7,92.9
Pakistan,PK,PAK,2008,189499113,2.67715693120755,33.583,7.8,64.002,4.515,34.59,77.3059146807243,39.9653548774131,3.634947357247,76.3,91
Pakistan,PK,PAK,2009,194376534,2.5412831091032,33.609,7.741,64.206,4.465,34.793,76.3243708555709,39.6243452926267,3.66199682313504,74.8,89.1
Pakistan,PK,PAK,2010,199239047,2.47081701538021,33.525,7.691,64.378,4.398,34.997,75.5364234270318,39.3404697423593,3.69129626483307,73.2,87.1
Pakistan,PK,PAK,2011,203746065,2.23690940334662,33.045,7.575,64.659,4.305,35.202,75.0100380395422,39.1356717469259,3.72474850919145,71.6,84.9
Pakistan,PK,PAK,2012,207667125,1.90619981284679,32.48,7.482,64.883,4.204,35.408,74.7398435909083,39.0113777975483,3.76068938152991,69.8,82.7
Pakistan,PK,PAK,2013,211073978,1.62722414834854,31.902,7.377,65.129,4.125,35.613,74.6202486526627,38.9429265910198,3.78994632917293,67.9,80.4
Pakistan,PK,PAK,2014,214264647,1.50032405388564,31.303,7.272,65.374,4.055,35.819,74.4256172449709,38.8636272293292,3.80534429416474,66,78
Pakistan,PK,PAK,2015,217290883,1.40250113589189,30.697,7.164,65.641,3.988,36.026,74.161810917677,38.7612117135196,3.82091940742152,64.1,75.6
Pakistan,PK,PAK,2016,220138869,1.30216393815952,29.956,7.039,65.943,3.902,36.234,73.9138783908976,38.6498575102833,3.85041862791259,62.2,73.3
Pakistan,PK,PAK,2017,223273967,1.41409990353131,29.738,6.94,66.223,3.9,36.442,73.5768238017572,38.4997568066237,3.88886536895529,60.3,71
Pakistan,PK,PAK,2018,226928892,1.62371483290292,29.343,6.852,66.481,3.855,36.666,73.1024168008764,38.2979161633197,3.93281543027845,58.5,68.8
Pakistan,PK,PAK,2019,230800899,1.69187124669657,28.986,6.772,66.729,3.81,36.907,72.6314584931864,38.0886554477603,3.98447495645256,56.8,66.7
Pakistan,PK,PAK,2020,235001746,1.80375141301202,28.625,7.301,65.701,3.765,37.165,72.0651682830605,37.8598272201773,4.02265777208311,55.1,64.6
Pakistan,PK,PAK,2021,239477801,1.8867779716011,28.384,7.23,65.773,3.72,37.44,71.3439501303533,37.5856838554854,4.05217393000066,53.4,62.5
Pakistan,PK,PAK,2022,243700667,1.74799739792983,28.13,6.513,67.417,3.662,37.731,70.7109794452284,37.3097827836474,4.11167709278366,51.8,60.5
Pakistan,PK,PAK,2023,247504495,1.54880458608849,27.806,6.466,67.649,3.605,38.04,70.1673862519405,37.0380613955353,4.19627145721884,50.1,58.5
Pakistan,PK,PAK,2024,251269164,1.50959876314033,NA,NA,NA,NA,38.365,69.3926431439163,36.6849298308646,4.28062891951199,NA,NA
Sri Lanka,LK,LKA,1960,9661389,NA,36.33,10.699,60.602,5.352,16.431,82.436583133047,40.962816009168,4.223616293682,57.2,94.1
Sri Lanka,LK,LKA,1961,9899372,2.43338940773861,35.568,10.204,61.158,5.24,16.592,81.9724939370817,40.9432466552804,4.10339645265394,55.3,89.5
Sri Lanka,LK,LKA,1962,10143754,2.43868258271047,35.102,9.794,61.627,5.177,16.753,81.2830051103246,40.8361116030669,4.00151679553333,54.3,86.6
Sri Lanka,LK,LKA,1963,10395040,2.44706226942492,34.74,9.451,62.031,5.118,16.916,80.5515877013503,40.69696416257,3.91720012223138,54,84.8
Sri Lanka,LK,LKA,1964,10653397,2.45500391259614,34.47,9.165,62.376,5.057,17.014,80.0436800482938,40.6049375896222,3.85298716705043,53.6,83
Sri Lanka,LK,LKA,1965,10916965,2.44391928516342,33.807,8.853,62.793,4.934,17.11,79.6995187915568,40.5423320740852,3.80921821262678,52.9,80.7
Sri Lanka,LK,LKA,1966,11183928,2.41597464184751,33.223,8.585,63.156,4.828,17.207,79.285670888446,40.4385543058506,3.78454225632791,51.8,78.1
Sri Lanka,LK,LKA,1967,11457328,2.41517775850964,33.193,8.341,63.556,4.787,17.304,78.8141358539625,40.2988183501939,3.77719378474659,50.7,75.5
Sri Lanka,LK,LKA,1968,11736088,2.40390138208222,32.563,8.139,63.869,4.658,17.402,78.3107764922665,40.134472406819,3.78366709588408,49.6,73.2
Sri Lanka,LK,LKA,1969,12013858,2.33922777058424,31.785,7.961,64.138,4.499,17.5,77.7332017652219,39.9357741674562,3.80011998644066,48.8,71.4
Sri Lanka,LK,LKA,1970,12287110,2.24899285825847,31.162,7.827,64.352,4.387,17.598,77.1155947380408,39.7152381642225,3.82445912830601,48.4,70.2
Sri Lanka,LK,LKA,1971,12551910,2.13220998361039,30.231,7.828,64.24,4.266,17.697,76.4637656220477,39.4753985648399,3.85574785032716,48.1,69.4
Sri Lanka,LK,LKA,1972,12809205,2.02912078599148,29.706,7.652,64.625,4.156,17.796,75.6999078787028,39.1921981106556,3.89257569068494,47.9,68.6
Sri Lanka,LK,LKA,1973,13060916,1.94602061213073,28.896,7.567,64.785,4.001,17.896,74.7480780397477,38.8395193721482,3.93524466430992,47.5,67.7
Sri Lanka,LK,LKA,1974,13305693,1.8567729541151,28.188,7.481,64.966,3.855,17.996,73.6358777113778,38.4224068599809,3.98580893156035,46.7,66.2
Sri Lanka,LK,LKA,1975,13548984,1.81195742093226,28.19,7.34,65.355,3.816,18.097,72.524216003273,37.993300383014,4.04381996627275,45.3,64.1
Sri Lanka,LK,LKA,1976,13796770,1.81229438316652,28.326,7.175,65.84,3.783,18.198,71.5594738854572,37.6023713377251,4.10880242653905,43.4,61.2
Sri Lanka,LK,LKA,1977,14049371,1.81431192980305,28.344,6.988,66.391,3.741,18.299,70.7398678061825,37.2494278480713,4.18194507846846,41.1,57.7
Sri Lanka,LK,LKA,1978,14310128,1.83899122278722,29.026,6.87,66.844,3.81,18.401,70.0716302972947,36.9401447701935,4.26110094892233,38.4,53.8
Sri Lanka,LK,LKA,1979,14579614,1.86567132850764,29.282,6.662,67.514,3.822,18.504,69.5588260264105,36.6797982443157,4.34361979679297,35.7,49.9
Sri Lanka,LK,LKA,1980,14847974,1.82391733574432,28.604,6.503,68.006,3.725,18.607,69.1186870680122,36.4389343623581,4.43099846484106,33.2,46.3
Sri Lanka,LK,LKA,1981,15099414,1.67925101560856,28.136,6.407,68.38,3.649,18.676,68.7647849557009,36.2210844738743,4.52484447409681,30.8,42.9
Sri Lanka,LK,LKA,1982,15286567,1.2318533776583,25.953,6.326,68.665,3.32,18.66,68.4710861706626,36.0091465922615,4.63348949985011,28.7,39.8
Sri Lanka,LK,LKA,1983,15388794,0.666511330978769,24.418,6.368,68.726,3.114,18.644,68.1824749089022,35.7788811852676,4.76189346735379,26.6,36.7
Sri Lanka,LK,LKA,1984,15441860,0.344242145520742,23.491,6.448,68.761,3.006,18.629,67.9179797724529,35.5433683359183,4.90374556250819,24.3,33.5
Sri Lanka,LK,LKA,1985,15544154,0.660261572342523,22.423,6.479,68.881,2.895,18.613,67.2406630901364,35.1695220971666,5.03640484507567,22.1,30.2
Sri Lanka,LK,LKA,1986,15731256,1.19649419220381,21.389,6.528,68.962,2.743,18.597,66.0165310990747,34.6156233610456,5.14941384370664,20.2,27.4
Sri Lanka,LK,LKA,1987,15916576,1.17115205994745,20.833,6.608,69.009,2.644,18.582,64.7514776221537,34.0391897101487,5.26332736387525,18.9,25.4
Sri Lanka,LK,LKA,1988,16078621,1.01294194595377,20.34,6.708,68.995,2.565,18.566,63.5955213716504,33.4902974577235,5.38333480215747,18.1,24.1
Sri Lanka,LK,LKA,1989,16248557,1.05136034659287,20.576,7.504,67.284,2.578,18.551,62.4956447299733,32.9641610636563,5.49572802064823,19.3,27.4
Sri Lanka,LK,LKA,1990,16352458,0.637411760252378,20.535,6.809,69.239,2.541,18.535,61.7337347023874,32.5451113387697,5.62486708802026,17.9,23.3
Sri Lanka,LK,LKA,1991,16475354,0.748734482407864,20.156,6.917,69.131,2.514,18.52,60.8171698875124,32.0624015745702,5.75518455491714,18,23.2
Sri Lanka,LK,LKA,1992,16739284,1.58927250831319,20.057,6.781,69.619,2.487,18.504,59.2808419294588,31.3694191271687,5.84838950842788,17.9,22.9
Sri Lanka,LK,LKA,1993,17025918,1.69784789442256,19.978,6.689,70.049,2.438,18.489,57.6031777754184,30.616066322648,5.93343906820651,17.5,22.2
Sri Lanka,LK,LKA,1994,17275773,1.45683441097245,19.965,6.715,70.211,2.405,18.473,55.9734011116907,29.8650766635717,6.0214264791096,16.9,21.4
Sri Lanka,LK,LKA,1995,17564068,1.65501088509534,19.625,6.988,69.746,2.353,18.458,54.4998614133516,29.1996828183449,6.07533818689777,16.3,20.5
Sri Lanka,LK,LKA,1996,17905018,1.92257845082404,19.043,7.019,69.841,2.285,18.442,53.226647871568,28.6431072004507,6.09409607965767,15.6,19.5
Sri Lanka,LK,LKA,1997,18248200,1.89854362715713,18.452,7.043,69.934,2.215,18.427,52.1685236254304,28.1726307252222,6.11075612937166,14.8,18.6
Sri Lanka,LK,LKA,1998,18596003,1.88802201260991,17.817,7.005,70.134,2.136,18.411,51.3193407177854,27.7834408824305,6.13115087150717,14.1,17.6
Sri Lanka,LK,LKA,1999,18944731,1.85791802193191,17.864,6.944,70.427,2.142,18.396,50.516430835705,27.4013056031597,6.1607632792665,13.5,16.9
Sri Lanka,LK,LKA,2000,19293054,1.82192893868799,18.402,6.633,71.179,2.213,18.38,49.7157015968699,27.0013168211035,6.20541999740995,13,16.3
Sri Lanka,LK,LKA,2001,19600362,1.58029006941291,18.95,6.482,71.804,2.283,18.365,49.0198514345139,26.625948882323,6.26889936346841,12.7,15.8
Sri Lanka,LK,LKA,2002,19805752,1.04243651089033,19.172,6.406,72.271,2.31,18.349,48.5448184836898,26.3292426361796,6.35100853529823,12.4,15.5
Sri Lanka,LK,LKA,2003,19951521,0.733298046863635,19.093,6.462,72.442,2.301,18.334,48.2669692915326,26.1135974015816,6.44049627994537,12.1,15.2
Sri Lanka,LK,LKA,2004,20087605,0.679757715006083,18.826,8.246,68.022,2.271,18.319,48.1075839018165,25.9547566770653,6.52675617625894,16.7,28.8
Sri Lanka,LK,LKA,2005,20216524,0.639733163202014,18.716,6.415,73.073,2.263,18.303,48.0577770685276,25.8375073321826,6.62129388263546,11.2,14
Sri Lanka,LK,LKA,2006,20352411,0.669909171598541,18.852,6.632,72.825,2.292,18.288,48.1068618331041,25.7452470864508,6.73593659247546,10.7,13.3
Sri Lanka,LK,LKA,2007,20492545,0.686177993870037,18.81,6.694,72.983,2.295,18.272,48.2279449537223,25.6652772996229,6.87105969512328,10.2,12.6
Sri Lanka,LK,LKA,2008,20629378,0.665501489405385,18.204,6.947,72.556,2.232,18.257,48.4097270797358,25.5872135359583,7.03175830119551,9.7,12
Sri Lanka,LK,LKA,2009,20756435,0.614014271918797,17.628,7.984,70.298,2.179,18.242,48.6396740021296,25.5083423526246,7.21487095447749,13,20.8
Sri Lanka,LK,LKA,2010,20879089,0.589181271319281,17.147,6.403,74.463,2.134,18.226,48.9131539493344,25.4195405747827,7.42722778757253,9.1,11.2
Sri Lanka,LK,LKA,2011,21009048,0.620507027958285,17.091,6.407,74.74,2.144,18.211,49.2394940686867,25.3135625183968,7.68004813925886,8.9,10.8
Sri Lanka,LK,LKA,2012,21169458,0.760628047767682,17.148,6.324,75.187,2.173,18.196,49.5860029146344,25.178419778154,7.97040481622156,8.5,10.3
Sri Lanka,LK,LKA,2013,20585000,-2.79968273298027,17.028,6.291,75.546,2.178,18.198,49.9684545344603,25.0269759664236,8.29233506128403,8.1,9.8
Sri Lanka,LK,LKA,2014,20778000,0.933207942647201,16.522,6.341,75.757,2.134,18.218,50.3938229236869,24.8722308563944,8.63567606310462,7.7,9.2
Sri Lanka,LK,LKA,2015,20970000,0.91981102654886,16.022,6.398,75.99,2.09,18.256,50.7918658678604,24.6928809823796,8.99054561576392,7.4,8.7
Sri Lanka,LK,LKA,2016,21209000,1.13327749793807,15.651,6.493,76.136,2.062,18.311,51.1118501999851,24.4783427877771,9.34550801437968,7,8.3
Sri Lanka,LK,LKA,2017,21453000,1.14388758411593,15.371,6.608,76.239,2.044,18.384,51.3380576186543,24.2290828278519,9.69368587386127,6.7,7.9
Sri Lanka,LK,LKA,2018,21670000,1.0064319813899,15.15,6.677,76.485,2.033,18.476,51.4899106111657,23.9530298630511,10.0359733858419,6.5,7.6
Sri Lanka,LK,LKA,2019,21803000,0.611875945764341,14.6,6.7,76.698,2.022,18.585,51.5839384848559,23.6544870392859,10.3754608627101,6.2,7.2
Sri Lanka,LK,LKA,2020,21919000,0.530626559530355,13.8,6,76.928,2.007,18.713,51.6372974759332,23.3374525364923,10.7157108470966,6,6.9
Sri Lanka,LK,LKA,2021,22156000,1.07544995696428,12.9,7.4,76.278,1.995,18.86,51.6567798164786,23.0159928656676,11.0456449788576,5.8,6.6
Sri Lanka,LK,LKA,2022,22181000,0.112772639779474,12.4,8.1,77.3,1.984,19.026,51.6823190565539,22.6903041016266,11.3824347880542,5.5,6.4
Sri Lanka,LK,LKA,2023,22037000,-0.651320770103285,11.2,8.2,77.483,1.974,19.211,51.745033375023,22.3612730440352,11.7387099915518,5.3,6.1
Sri Lanka,LK,LKA,2024,21916000,-0.550589519145017,NA,NA,NA,NA,19.416,51.8239202756772,22.0302867118189,12.1039396323455,NA,NA
