market_id,market,countryiso3,admin1,admin2,latitude,longitude
291,Lahore,PAK,PUNJAB,Lahore,31.55,74.34
292,Multan,PAK,PUNJAB,Multan,30.2,71.48
293,Karachi,PAK,SINDH,Karachi,24.91,67.08
294,Peshawar,PAK,KHYBER PAKHTUNKHWA,Peshawar,34.01,71.58
295,Quetta,PAK,BALOCHISTAN,Quetta,30.19,67.01
7417,Chachro,PAK,SINDH,Mirpur Khas,25.11,70.25
7418,Kantio,PAK,SINDH,Mirpur Khas,25.17,69.97
7419,Mubarik Rind,PAK,SINDH,Mirpur Khas,25.03,70.55
7420,Islamkot,PAK,SINDH,Mirpur Khas,24.7,70.18
7421,Mithi,PAK,SINDH,Mirpur Khas,24.73,69.8
7422,Chilhar,PAK,SINDH,Mirpur Khas,24.98,69.92
9372,Dalbandin,PAK,BALOCHISTAN,Quetta,28.95,64.13
9373,Nokkundi,PAK,BALOCHISTAN,Quetta,28.79,62.86
9374,Taftan,PAK,BALOCHISTAN,Quetta,29.15,61.78
9375,Chagai,PAK,BALOCHISTAN,Quetta,29.34,64.75
9376,Ormara,PAK,BALOCHISTAN,Mekran,25.4,64.73
9377,Gwadar,PAK,BALOCHISTAN,Mekran,25.33,62.24
9378,Jiwani,PAK,BALOCHISTAN,Mekran,25.16,61.8
9379,Pasni,PAK,BALOCHISTAN,Mekran,25.41,63.27
9380,Sunster,PAK,BALOCHISTAN,Mekran,25.51,61.84
9381,Usta Mohammad,PAK,BALOCHISTAN,Nasirabad,28.16,67.97
9382,Jhat Pat,PAK,BALOCHISTAN,Nasirabad,28.34,68.21
9383,Gandakha,PAK,BALOCHISTAN,Nasirabad,28.07,67.76
9384,Buleda,PAK,BALOCHISTAN,Mekran,26.39,63.04
9385,Dasht,PAK,BALOCHISTAN,Mekran,25.69,62.57
9386,Kech (Turbat),PAK,BALOCHISTAN,Mekran,25.89,63.45
9387,Mand,PAK,BALOCHISTAN,Mekran,26.02,61.97
9388,Tump,PAK,BALOCHISTAN,Mekran,26.21,62.39
9389,Kharan,PAK,BALOCHISTAN,Kalat,28.89,65.74
9390,Tomulk,PAK,BALOCHISTAN,Kalat,28.62,65.2
9391,Sar Kharan,PAK,BALOCHISTAN,Kalat,28.43,65.65
9392,Killa Saifullah,PAK,BALOCHISTAN,Zhob,30.99,68.53
9393,Muslim Bagh,PAK,BALOCHISTAN,Zhob,30.92,67.85
9394,Hub,PAK,BALOCHISTAN,Kalat,25.21,66.98
9395,Bela,PAK,BALOCHISTAN,Kalat,26.26,66.4
9396,Kanraj,PAK,BALOCHISTAN,Kalat,26.15,66.78
9397,Dureji,PAK,BALOCHISTAN,Kalat,25.93,67.19
9398,Gaddani,PAK,BALOCHISTAN,Kalat,25.07,66.79
9399,Sonmiani,PAK,BALOCHISTAN,Kalat,25.42,66.78
9400,Uthal,PAK,BALOCHISTAN,Kalat,25.86,66.66
9401,Lakhra,PAK,BALOCHISTAN,Kalat,25.83,66.34
9402,Lairi,PAK,BALOCHISTAN,Kalat,25.51,65.81
9403,Chattar,PAK,BALOCHISTAN,Nasirabad,28.8,68.33
9404,Dera Murad Jamali,PAK,BALOCHISTAN,Nasirabad,28.6,68.17
9405,Tamboo,PAK,BALOCHISTAN,Nasirabad,28.45,67.91
9406,Barshore,PAK,BALOCHISTAN,Quetta,31.01,67.41
9407,Huramzai,PAK,BALOCHISTAN,Quetta,30.85,66.91
9408,Karezat,PAK,BALOCHISTAN,Quetta,30.6,67.28
9409,Saranan,PAK,BALOCHISTAN,Quetta,30.44,66.72
9410,Pishin,PAK,BALOCHISTAN,Quetta,30.71,67.03
9411,Panjpai,PAK,BALOCHISTAN,Quetta,30.03,66.47
9412,Quetta Saddar,PAK,BALOCHISTAN,Quetta,30.29,66.97
9413,Sohbatpur,PAK,BALOCHISTAN,Nasirabad,28.51,68.62
9414,Salarzai,PAK,FATA,FATA,34.87,71.53
9415,Nawagai,PAK,FATA,FATA,34.73,71.29
9416,Bar Chamarkand,PAK,FATA,FATA,34.73,71.2
9417,Barang,PAK,FATA,FATA,34.62,71.62
9418,Khar,PAK,FATA,FATA,34.73,71.48
9419,Mamund,PAK,FATA,FATA,34.83,71.39
9420,Utman Khel,PAK,FATA,FATA,34.74,71.7
9421,Wazir,PAK,FATA,FATA,33.08,70.58
9422,Bannu,PAK,KHYBER PAKHTUNKHWA,Bannu,32.95,70.67
9423,Domel,PAK,KHYBER PAKHTUNKHWA,Bannu,32.97,70.82
9424,Baka Khel,PAK,KHYBER PAKHTUNKHWA,Bannu,32.86,70.47
9425,Miryan,PAK,KHYBER PAKHTUNKHWA,Bannu,32.9,70.58
9426,Kakki,PAK,KHYBER PAKHTUNKHWA,Bannu,32.86,70.69
9427,Allai,PAK,KHYBER PAKHTUNKHWA,Hazara,34.84,73.19
9428,Batagram,PAK,KHYBER PAKHTUNKHWA,Hazara,34.68,73.03
9429,Daggar,PAK,KHYBER PAKHTUNKHWA,Malakand,34.56,72.4
9430,Gagra,PAK,KHYBER PAKHTUNKHWA,Malakand,34.52,72.61
9431,Khadi Khel,PAK,KHYBER PAKHTUNKHWA,Malakand,34.26,72.54
9432,Mandanr,PAK,KHYBER PAKHTUNKHWA,Malakand,34.38,72.64
9433,Mastuj,PAK,KHYBER PAKHTUNKHWA,Malakand,36.44,72.82
9434,Mulkhow,PAK,KHYBER PAKHTUNKHWA,Malakand,36.49,72.27
9435,Darazinda,PAK,FATA,FATA,31.58,70.15
9436,D. I. Khan,PAK,KHYBER PAKHTUNKHWA,D.I.Khan,31.91,70.79
9437,Daraban,PAK,KHYBER PAKHTUNKHWA,D.I.Khan,31.65,70.44
9438,Kulachi,PAK,KHYBER PAKHTUNKHWA,D.I.Khan,31.97,70.43
9439,Paharpur,PAK,KHYBER PAKHTUNKHWA,D.I.Khan,32.24,71.04
9440,Paroa,PAK,KHYBER PAKHTUNKHWA,D.I.Khan,31.48,70.66
9441,Hangu,PAK,KHYBER PAKHTUNKHWA,Kohat,33.49,71
9442,Tall,PAK,KHYBER PAKHTUNKHWA,Kohat,33.39,70.72
9443,Banda Daud Shah,PAK,KHYBER PAKHTUNKHWA,Kohat,33.26,71.07
9444,Karak,PAK,KHYBER PAKHTUNKHWA,Kohat,33.13,71.14
9445,Takht-e-Nasrati,PAK,KHYBER PAKHTUNKHWA,Kohat,32.99,71.14
9446,Mulagori,PAK,FATA,FATA,34.11,71.32
9447,Bara,PAK,FATA,FATA,33.87,70.97
9448,Jamrud,PAK,FATA,FATA,33.99,71.31
9449,Landi Kotal,PAK,FATA,FATA,34.11,71.14
9450,Bankad,PAK,KHYBER PAKHTUNKHWA,Hazara,35.14,72.84
9451,Pattan,PAK,KHYBER PAKHTUNKHWA,Hazara,35.2,73.01
9452,Kandia,PAK,KHYBER PAKHTUNKHWA,Hazara,35.57,73
9453,Dassu,PAK,KHYBER PAKHTUNKHWA,Hazara,35.2,73.54
9454,Harban Basha,PAK,KHYBER PAKHTUNKHWA,Hazara,35.43,73.59
9455,Seo,PAK,KHYBER PAKHTUNKHWA,Hazara,35.34,73.19
9456,Central Kurram,PAK,FATA,FATA,33.69,70.49
9457,Lower Kurram,PAK,FATA,FATA,33.56,70.32
9458,Upper Kurram,PAK,FATA,FATA,33.88,70.07
9459,Bettani,PAK,FATA,FATA,32.64,70.38
9460,Lakki Marwat,PAK,KHYBER PAKHTUNKHWA,Bannu,32.55,70.86
9461,Sarai Naurang,PAK,KHYBER PAKHTUNKHWA,Bannu,32.74,70.77
9462,Samarbagh,PAK,KHYBER PAKHTUNKHWA,Malakand,34.95,71.64
9463,Munda,PAK,KHYBER PAKHTUNKHWA,Malakand,34.83,71.72
9464,Adenzai,PAK,KHYBER PAKHTUNKHWA,Malakand,34.73,72.02
9465,Timergara,PAK,KHYBER PAKHTUNKHWA,Malakand,34.75,71.86
9466,Balambat,PAK,KHYBER PAKHTUNKHWA,Malakand,34.88,71.89
9467,Lalqila,PAK,KHYBER PAKHTUNKHWA,Malakand,34.99,71.81
9468,Baizai,PAK,FATA,FATA,34.52,71.11
9469,Safi,PAK,FATA,FATA,34.59,71.23
9470,Prang Ghar,PAK,FATA,FATA,34.44,71.59
9471,Ambar,PAK,FATA,FATA,34.6,71.47
9472,Halimzai,PAK,FATA,FATA,34.39,71.34
9473,Pandiali,PAK,FATA,FATA,34.45,71.43
9474,Yaka Ghund,PAK,FATA,FATA,34.25,71.36
9475,Khwazai,PAK,FATA,FATA,34.4,71.2
9476,Data Khel,PAK,FATA,FATA,32.96,69.71
9477,Dossali,PAK,FATA,FATA,32.84,70.02
9478,Garyum,PAK,FATA,FATA,32.76,70.12
9479,Ghulam Khan,PAK,FATA,FATA,33.12,70.03
9480,Mir Ali,PAK,FATA,FATA,32.96,70.24
9481,Miran Shah,PAK,FATA,FATA,32.98,70.03
9482,Razmak,PAK,FATA,FATA,32.73,69.86
9483,Shewa,PAK,FATA,FATA,33.27,70.45
9484,Spinwam,PAK,FATA,FATA,33.16,70.31
9485,Central Orakzai,PAK,FATA,FATA,33.69,70.97
9486,Ismailzai,PAK,FATA,FATA,33.6,70.93
9487,Lower Orakzai,PAK,FATA,FATA,33.75,71.16
9488,Upper Orakzai,PAK,FATA,FATA,33.7,70.72
9489,Puran,PAK,KHYBER PAKHTUNKHWA,Malakand,34.75,72.66
9490,Makhuzai,PAK,KHYBER PAKHTUNKHWA,Malakand,34.69,72.59
9491,Martoong,PAK,KHYBER PAKHTUNKHWA,Malakand,34.63,72.75
9492,Alpuri,PAK,KHYBER PAKHTUNKHWA,Malakand,34.96,72.69
9493,Bisham,PAK,KHYBER PAKHTUNKHWA,Malakand,34.87,72.87
9494,Chakisar,PAK,KHYBER PAKHTUNKHWA,Malakand,34.78,72.78
9495,Birmal,PAK,FATA,FATA,32.41,69.4
9496,Toi Khulla,PAK,FATA,FATA,32.04,69.48
9497,Wana,PAK,FATA,FATA,32.13,69.77
9498,Shawal,PAK,FATA,FATA,32.73,69.59
9499,Ladha,PAK,FATA,FATA,32.61,69.96
9500,Makin,PAK,FATA,FATA,32.66,69.86
9501,Sararogha,PAK,FATA,FATA,32.46,70.07
9502,Serwakai,PAK,FATA,FATA,32.32,69.91
9503,Tiarza,PAK,FATA,FATA,32.45,69.72
9504,Jandola,PAK,FATA,FATA,32.45,70.28
9505,Tank,PAK,KHYBER PAKHTUNKHWA,D.I.Khan,32.25,70.39
9506,Judba,PAK,KHYBER PAKHTUNKHWA,Hazara,34.66,72.85
9507,Khander,PAK,KHYBER PAKHTUNKHWA,Hazara,34.48,72.82
9508,Barawal,PAK,KHYBER PAKHTUNKHWA,Malakand,35.1,71.69
9509,Khall,PAK,KHYBER PAKHTUNKHWA,Malakand,34.9,72.02
9510,Dir,PAK,KHYBER PAKHTUNKHWA,Malakand,35.22,71.85
9511,Kalkot,PAK,KHYBER PAKHTUNKHWA,Malakand,35.45,72.18
9512,Shrengal,PAK,KHYBER PAKHTUNKHWA,Malakand,35.43,72
9513,Wari,PAK,KHYBER PAKHTUNKHWA,Malakand,35.02,72.06
9514,Larjam,PAK,KHYBER PAKHTUNKHWA,Malakand,35.16,72.14
9515,Bahawalpur,PAK,PUNJAB,Bahawalpur,29.34,71.63
9516,Hasilpur,PAK,PUNJAB,Bahawalpur,29.63,72.52
9517,Ahmadpur East,PAK,PUNJAB,Bahawalpur,29.27,71.15
9518,Khairpur Tamewali,PAK,PUNJAB,Bahawalpur,29.6,72.17
9519,Yazman,PAK,PUNJAB,Bahawalpur,28.68,71.71
9520,D.G Khan (Tribal Area),PAK,PUNJAB,Dera Ghazi Khan,30.41,70.26
9558,Dera Ghazi Khan,PAK,PUNJAB,Dera Ghazi Khan,30.19,70.66
9559,Kot Chatta,PAK,PUNJAB,Dera Ghazi Khan,29.85,70.51
9560,Taunsa,PAK,PUNJAB,Dera Ghazi Khan,30.93,70.63
9561,Dunyapur,PAK,PUNJAB,Multan,29.83,71.71
9562,Kahror Pacca,PAK,PUNJAB,Multan,29.64,71.89
9563,Lodhran,PAK,PUNJAB,Multan,29.59,71.55
9564,Alipur,PAK,PUNJAB,Dera Ghazi Khan,29.32,70.78
9565,Jatoi,PAK,PUNJAB,Dera Ghazi Khan,29.62,70.87
9566,Kot Addu,PAK,PUNJAB,Dera Ghazi Khan,30.46,71.12
9567,Muzaffargarh,PAK,PUNJAB,Dera Ghazi Khan,30.07,71.15
9568,Khanpur,PAK,PUNJAB,Bahawalpur,28.7,70.61
9569,Liaqatpur,PAK,PUNJAB,Bahawalpur,28.36,70.74
9570,Rahim Yar Khan,PAK,PUNJAB,Bahawalpur,28.5,70.33
9571,Sadiqabad,PAK,PUNJAB,Bahawalpur,28.27,69.97
9572,Jampur,PAK,PUNJAB,Dera Ghazi Khan,29.56,70.36
9573,Rajanpur,PAK,PUNJAB,Dera Ghazi Khan,29.16,70.31
9574,Rajanpur (Tribal Area),PAK,PUNJAB,Dera Ghazi Khan,29.22,69.77
9575,Rojhan,PAK,PUNJAB,Dera Ghazi Khan,28.75,69.96
9576,Badin,PAK,SINDH,Hyderabad,24.49,68.9
9577,Matli,PAK,SINDH,Hyderabad,25.11,68.84
9578,Golarchi,PAK,SINDH,Hyderabad,24.63,68.56
9579,Talhar,PAK,SINDH,Hyderabad,24.88,68.88
9580,Tando Bago,PAK,SINDH,Hyderabad,24.79,69.12
9581,Dadu,PAK,SINDH,Hyderabad,26.8,67.79
9582,Johi,PAK,SINDH,Hyderabad,26.61,67.42
9583,Khairpur Nathan Shah,PAK,SINDH,Hyderabad,27.11,67.42
9584,Mehar,PAK,SINDH,Hyderabad,27.21,67.76
9585,Daharki,PAK,SINDH,Sukkur,27.81,69.83
9586,Ghotki,PAK,SINDH,Sukkur,28.02,69.35
9587,Khangarh,PAK,SINDH,Sukkur,27.59,69.55
9588,Mirpur Mathelo,PAK,SINDH,Sukkur,27.78,69.56
9589,Ubauro,PAK,SINDH,Sukkur,28.19,69.71
9590,Garhi Khairo,PAK,SINDH,Larkana,28.05,68.15
9591,Jacobabad,PAK,SINDH,Larkana,28.24,68.38
9592,Thul,PAK,SINDH,Larkana,28.28,68.72
9593,Kotri,PAK,SINDH,Hyderabad,25.52,68.15
9594,Manjhand,PAK,SINDH,Hyderabad,25.89,68.06
9595,Sehwan Sharif,PAK,SINDH,Hyderabad,26.24,67.7
9596,Thano Bula Khan,PAK,SINDH,Hyderabad,25.51,67.62
9597,Qubo Saeed Khan,PAK,SINDH,Larkana,27.81,67.58
9598,Shahdad Kot,PAK,SINDH,Larkana,27.91,67.93
9599,Sijawal Junejo,PAK,SINDH,Larkana,27.81,68.11
9600,Meero Khan,PAK,SINDH,Larkana,27.75,67.94
9601,Nasir Abad,PAK,SINDH,Larkana,27.39,67.94
9602,Qambar Ali Khan,PAK,SINDH,Larkana,27.57,67.58
9603,Warah,PAK,SINDH,Larkana,27.42,67.73
9604,Mirpur Khas,PAK,SINDH,Mirpur Khas,25.5,68.98
9605,Digri,PAK,SINDH,Mirpur Khas,25.14,69.1
9606,Hussain Bux Muree,PAK,SINDH,Mirpur Khas,25.62,68.96
9607,Jhudo,PAK,SINDH,Mirpur Khas,24.97,69.35
9608,Kot Ghulam Muhammad,PAK,SINDH,Mirpur Khas,25.27,69.23
9609,Shuja Abad,PAK,SINDH,Mirpur Khas,25.43,69.06
9610,Sindhri,PAK,SINDH,Mirpur Khas,25.67,69.18
9611,Daulat Pur,PAK,SINDH,Shaheed Benazirabad,26.43,68.06
9612,Daur,PAK,SINDH,Shaheed Benazirabad,26.43,68.52
9613,Nawabshah,PAK,SINDH,Shaheed Benazirabad,26.27,68.33
9614,Sakrand,PAK,SINDH,Shaheed Benazirabad,26.14,68.21
9615,Kharo Chan,PAK,SINDH,Hyderabad,23.98,67.61
9616,Jati,PAK,SINDH,Hyderabad,24.26,68.4
9617,Mirpur Bathoro,PAK,SINDH,Hyderabad,24.79,68.24
9618,Shah Bunder,PAK,SINDH,Hyderabad,24.06,67.98
9619,Sujawal,PAK,SINDH,Hyderabad,24.65,68.09
9620,Dahli,PAK,SINDH,Mirpur Khas,25.47,70.48
9621,Diplo,PAK,SINDH,Mirpur Khas,24.39,69.52
9622,Nagar Parkar,PAK,SINDH,Mirpur Khas,24.61,70.77
9623,Kaloi,PAK,SINDH,Mirpur Khas,24.66,69.41
9624,Ghorabari,PAK,SINDH,Hyderabad,24.37,67.69
9625,Keti Bunder,PAK,SINDH,Hyderabad,24.15,67.49
9626,Mirpur Sakro,PAK,SINDH,Hyderabad,24.59,67.54
9627,Thatta,PAK,SINDH,Hyderabad,25.02,67.95
9628,Samaro,PAK,SINDH,Mirpur Khas,25.32,69.43
9629,Umer Kot,PAK,SINDH,Mirpur Khas,25.44,69.94
9630,Kunri,PAK,SINDH,Mirpur Khas,25.08,69.55
9631,Pithoro,PAK,SINDH,Mirpur Khas,25.5,69.36
