source_year,province,district,MPI,headcount_pct,intensity_pct,education_contribution_pct,health_contribution_pct,living_standards_contribution_pct,MPI_rank
2015,BALOCHISTAN,Killa Abdullah,0.641,96.9,66.2,41.7,31.1,27.3,1
2015,BALOCHISTAN,Harnai,0.633,94.2,67.2,38.2,28.9,32.9,2
2015,BALOCHISTAN,Barkhan,0.627,93.6,67.0,39.9,30.4,29.7,3
2015,BALOCHISTAN,Ziarat,0.575,90.3,63.7,35.8,33.5,30.7,5
2015,BALOCHISTAN,Chaghi,0.546,89.2,61.2,40.6,16.2,43.3,7
2015,BALOCHISTAN,Jhal Magsi,0.528,89.7,58.9,44.1,20.1,35.8,8
2015,BALOCHISTAN,Sherani,0.526,90.6,58.1,38.8,21.4,39.8,9
2015,BALOCHISTAN,Zhob,0.514,82.8,62.1,43.0,30.1,26.9,10
2015,BALOCHISTAN,Kohlu,0.503,86.8,58.0,42.0,19.3,38.7,12
2015,BALOCHISTAN,Dera Bugti,0.499,88.4,56.4,48.4,11.5,40.2,13
2015,BALOCHISTAN,Washuk,0.466,81.9,56.9,41.6,18.7,39.7,15
2015,BALOCHISTAN,Kharan,0.454,78.4,57.9,40.6,27.8,31.6,17
2015,BALOCHISTAN,Pishin,0.453,82.2,55.1,40.6,35.0,24.3,18
2015,BALOCHISTAN,Awaran,0.415,77.2,53.8,38.4,18.1,43.5,26
2015,BALOCHISTAN,Bolan/Kachhi,0.414,73.1,56.7,40.9,20.3,38.8,27
2015,BALOCHISTAN,Naseerabad,0.413,77.0,53.6,48.0,15.6,36.4,28
2015,BALOCHISTAN,Jaffarabad,0.404,75.0,53.8,45.1,21.3,33.6,29
2015,BALOCHISTAN,Lasbela,0.395,68.1,58.0,38.8,22.1,39.0,31
2015,BALOCHISTAN,Killa Saifullah,0.386,79.3,48.7,47.8,28.1,24.1,33
2015,BALOCHISTAN,Musakhail,0.351,66.9,52.4,43.8,17.0,39.2,42
2015,BALOCHISTAN,Sibi,0.324,57.5,56.3,45.4,16.6,38.0,45
2015,BALOCHISTAN,Loralai,0.32,68.5,46.7,45.1,11.6,43.3,48
2015,BALOCHISTAN,Noshki,0.316,64.0,49.4,47.9,23.6,28.5,50
2015,BALOCHISTAN,Mastung,0.302,62.0,48.7,35.2,23.8,41.1,51
2015,BALOCHISTAN,Gawadar,0.293,60.8,48.2,43.7,25.2,31.1,53
2015,BALOCHISTAN,Khuzdar,0.285,57.5,49.6,42.5,14.5,43.0,56
2015,BALOCHISTAN,Kalat,0.275,57.1,48.1,36.5,24.5,38.9,57
2015,BALOCHISTAN,Quetta,0.213,46.3,46.0,47.6,33.3,19.1,71
2015,BALOCHISTAN,Kech/Turbat,,,,,,,
2015,BALOCHISTAN,Panjgur,,,,,,,
2015,Islamabad Capital Territory,Islamabad,0.013,3.1,43.2,52.6,23.9,23.4,113
2015,KHYBER PAKHTUNKHWA,Kohistan,0.581,95.8,60.6,41.9,24.1,34.1,4
2015,KHYBER PAKHTUNKHWA,Tor Ghar,0.571,92.0,62.1,39.7,29.9,30.3,6
2015,KHYBER PAKHTUNKHWA,Upper Dir,0.443,76.4,58.0,41.2,29.3,29.6,20
2015,KHYBER PAKHTUNKHWA,Shangla,0.438,80.2,54.6,46.8,23.4,29.8,21
2015,KHYBER PAKHTUNKHWA,Battagram,0.422,75.2,56.1,41.2,30.3,28.5,25
2015,KHYBER PAKHTUNKHWA,Tank,0.385,71.1,54.2,43.8,24.2,32.0,35
2015,KHYBER PAKHTUNKHWA,Buner,0.373,71.6,52.0,41.0,26.4,32.6,37
2015,KHYBER PAKHTUNKHWA,Dera Ismail Khan,0.362,65.6,55.2,42.4,27.3,30.3,39
2015,KHYBER PAKHTUNKHWA,Lakki Marwat,0.32,62.7,51.0,38.0,33.0,29.0,48
2015,KHYBER PAKHTUNKHWA,Bannu,0.289,58.6,49.2,43.5,30.9,25.6,54
2015,KHYBER PAKHTUNKHWA,Hangu,0.271,55.8,48.5,46.9,24.2,28.9,59
2015,KHYBER PAKHTUNKHWA,Swat,0.271,55.0,49.3,37.9,32.8,29.4,59
2015,KHYBER PAKHTUNKHWA,Karak,0.253,50.3,50.3,34.2,35.1,30.8,63
2015,KHYBER PAKHTUNKHWA,Kohat,0.238,47.5,50.0,41.4,29.3,29.3,67
2015,KHYBER PAKHTUNKHWA,Charsadda,0.213,44.6,47.8,43.2,25.1,31.7,71
2015,KHYBER PAKHTUNKHWA,Swabi,0.21,43.8,48.0,40.8,28.8,30.5,73
2015,KHYBER PAKHTUNKHWA,Mansehra,0.204,40.7,50.1,34.6,29.9,35.5,74
2015,KHYBER PAKHTUNKHWA,Chitral,0.194,43.3,44.9,37.6,28.3,34.0,80
2015,KHYBER PAKHTUNKHWA,Lower Dir,0.194,41.6,46.7,43.9,23.7,32.4,80
2015,KHYBER PAKHTUNKHWA,Malakand,0.171,37.1,46.1,39.9,29.8,30.3,87
2015,KHYBER PAKHTUNKHWA,Nowshera,0.168,37.4,44.9,44.7,29.5,25.8,88
2015,KHYBER PAKHTUNKHWA,Mardan,0.153,33.8,45.3,43.9,26.8,29.3,90
2015,KHYBER PAKHTUNKHWA,Abbottabad,0.149,32.9,45.4,34.5,32.7,32.8,92
2015,KHYBER PAKHTUNKHWA,Peshawar,0.148,31.5,46.8,46.8,24.8,28.4,93
2015,KHYBER PAKHTUNKHWA,Haripur,0.11,24.7,44.5,35.8,33.9,30.3,98
2015,PUNJAB,Rajanpur,0.357,64.4,55.4,44.3,22.2,33.6,40
2015,PUNJAB,Dera Ghazi Khan,0.351,63.7,55.1,43.2,25.9,30.9,42
2015,PUNJAB,Muzaffargarh,0.338,64.8,52.1,41.7,27.0,31.4,44
2015,PUNJAB,Rahimyar Khan,0.289,56.8,50.8,45.6,25.1,29.3,54
2015,PUNJAB,Bahawalpur,0.273,53.0,51.5,43.4,28.3,28.2,58
2015,PUNJAB,Bhakkar,0.255,51.7,49.3,39.1,31.9,29.0,62
2015,PUNJAB,Bahawalnagar,0.244,50.1,48.7,42.9,27.3,29.8,65
2015,PUNJAB,Mianwali,0.239,46.9,50.8,37.7,32.5,29.8,66
2015,PUNJAB,Lodhran,0.23,46.8,49.2,44.1,23.9,32.1,68
2015,PUNJAB,Layyah,0.214,45.6,46.9,35.7,34.0,30.3,69
2015,PUNJAB,Khushab,0.2,40.4,49.7,38.8,32.0,29.3,75
2015,PUNJAB,Vehari,0.2,41.9,47.6,45.0,22.3,32.7,75
2015,PUNJAB,Chiniot,0.199,42.1,47.4,45.5,23.0,31.5,77
2015,PUNJAB,Jhang,0.196,41.6,47.2,41.1,25.7,33.2,79
2015,PUNJAB,Khanewal,0.189,39.9,47.4,43.7,25.6,30.7,83
2015,PUNJAB,Pakpattan,0.189,42.6,44.4,46.7,19.4,34.0,83
2015,PUNJAB,Okara,0.185,39.5,47.0,42.0,29.1,28.9,85
2015,PUNJAB,Multan,0.173,35.7,48.5,44.6,24.8,30.6,86
2015,PUNJAB,Sargodha,0.166,35.4,46.8,38.1,32.8,29.2,89
2015,PUNJAB,Hafizabad,0.152,32.3,47.0,40.6,32.1,27.4,91
2015,PUNJAB,Mandi Bahauddin,0.147,31.5,46.7,37.4,35.3,27.3,94
2015,PUNJAB,Sahiwal,0.14,30.8,45.6,44.8,22.9,32.3,95
2015,PUNJAB,Narowal,0.118,26.6,44.3,34.2,37.0,28.8,97
2015,PUNJAB,Nankana Sahib,0.11,24.6,44.6,45.6,19.4,35.0,98
2015,PUNJAB,Toba Tek Singh,0.107,23.8,45.0,44.4,25.8,29.8,100
2015,PUNJAB,Kasur,0.095,21.9,43.6,49.6,15.2,35.2,101
2015,PUNJAB,Sheikhupura,0.093,21.4,43.5,46.8,22.2,30.9,102
2015,PUNJAB,Faisalabad,0.086,19.4,44.5,45.8,22.2,32.0,103
2015,PUNJAB,Gujrat,0.078,18.4,42.1,32.6,39.3,28.1,104
2015,PUNJAB,Gujranwala,0.064,14.0,45.6,46.0,26.5,27.6,105
2015,PUNJAB,Sialkot,0.059,14.0,41.8,31.7,41.2,27.1,106
2015,PUNJAB,Chakwal,0.056,12.9,43.6,38.3,28.6,33.1,107
2015,PUNJAB,Attock,0.041,9.9,41.1,49.2,12.8,38.0,108
2015,PUNJAB,Jhelum,0.035,8.5,40.7,48.6,16.7,34.8,109
2015,PUNJAB,Rawalpindi,0.032,7.5,43.0,44.9,24.0,31.2,110
2015,PUNJAB,Lahore,0.017,4.3,38.8,65.6,11.7,22.6,112
2015,SINDH,Umerkot,0.504,84.7,59.5,38.3,25.3,36.5,11
2015,SINDH,Tharparkar,0.481,87.0,55.2,38.8,18.0,43.2,14
2015,SINDH,Tando Muhammad Khan,0.455,78.4,58.1,40.4,24.4,35.1,16
2015,SINDH,Sujawal,0.447,82.0,54.5,41.2,14.9,43.9,19
2015,SINDH,Thatta,0.437,78.5,55.6,38.7,19.9,41.5,22
2015,SINDH,Badin,0.433,74.8,57.9,37.5,24.6,37.9,23
2015,SINDH,Kashmore,0.431,74.9,57.6,47.2,23.8,29.0,24
2015,SINDH,Mirpurkhas,0.401,68.9,58.2,39.5,25.6,34.9,30
2015,SINDH,Jacobabad,0.391,71.3,54.8,47.0,17.8,35.2,32
2015,SINDH,Sanghar,0.386,66.8,57.7,40.1,27.2,32.7,33
2015,SINDH,Kamber Shahdadkot,0.383,72.0,53.2,43.4,24.8,31.9,36
2015,SINDH,Tando Allahyar,0.366,67.3,54.4,42.8,23.8,33.3,38
2015,SINDH,Ghotki,0.356,67.3,52.9,50.1,19.7,30.2,41
2015,SINDH,Matiari,0.324,62.1,52.2,41.9,22.9,35.3,45
2015,SINDH,Shikarpur,0.324,60.1,54.0,46.9,20.7,32.4,45
2015,SINDH,Jamshoro,0.297,55.6,53.3,40.4,25.2,34.4,52
2015,SINDH,Khairpur,0.261,51.6,50.7,45.5,21.3,33.2,61
2015,SINDH,Dadu,0.247,51.4,48.0,33.1,35.4,31.5,64
2015,SINDH,Naushehro Feroze,0.214,45.0,47.5,37.5,31.6,30.9,69
2015,SINDH,Sukkur,0.197,39.5,50.0,53.3,14.4,32.3,78
2015,SINDH,Larkana,0.194,42.0,46.3,48.5,20.6,31.0,80
2015,SINDH,Hyderabad,0.129,25.7,50.2,48.8,20.1,31.1,96
2015,SINDH,Karachi,0.019,4.5,42.4,57.5,12.4,30.2,111
