province,district,mpi,mpi_lo,mpi_hi,h_incidence,h_lo,h_hi,a_intensity,a_lo,a_hi,pop_share,n_poor_thousands
KP,Abbottabad,0.05054,0.02612,0.07496,11.7992,6.20445,17.394,42.8305,41.3661,44.2949,0.7013274,190
KP,Bajaur,0.48292,0.42556,0.54029,87.3876,81.4156,93.3597,55.262,51.7992,58.7248,0.4936879,990
KP,Bannu,0.24144,0.1884,0.29447,50.3359,40.312,60.3597,47.9653,46.4181,49.5124,0.6457033,746
KP,Batagram,0.2722,0.21083,0.33358,55.6899,44.2254,67.1544,48.878,46.3025,51.4536,0.2516868,322
KP,Bunair,0.26225,0.21102,0.31349,54.4137,44.5032,64.3242,48.1963,46.4922,49.9003,0.3880423,485
KP,Charsada,0.13836,0.10632,0.1704,31.3236,24.4321,38.2151,44.1714,42.9315,45.4113,0.8148617,586
KP,Chitral,0.13493,0.09606,0.17379,30.3879,22.7977,37.9781,44.4018,41.6383,47.1653,0.2111619,147
KP,D. I. Khan,0.21405,0.15931,0.26879,45.2602,34.9547,55.5656,47.2937,44.6738,49.9135,0.8834748,918
KP,Hangu,0.27308,0.17938,0.36678,58.9668,40.4277,77.506,46.3106,44.748,47.8731,0.2337717,316
KP,Haripur,0.05522,0.02476,0.08568,12.0078,5.89324,18.1223,45.9849,40.6338,51.336,0.5308839,146
KP,Karak,0.11815,0.08142,0.15487,26.9227,18.9342,34.9111,43.8838,42.4623,45.3053,0.3011164,186
KP,Khyber,0.28446,0.21991,0.34901,60.8192,51.0606,70.5778,46.7715,43.3397,50.2033,0.4519668,631
KP,Kohat,0.17763,0.12694,0.22831,38.3885,27.9933,48.7836,46.2712,44.5362,48.0063,0.6219484,548
KP,Kohistan,0.53187,0.43962,0.62413,87.8897,80.2876,95.4917,60.5161,54.105,66.9272,0.4864666,981
KP,Kurram,0.29753,0.18509,0.40996,55.3548,38.0333,72.6763,53.7488,48.3047,59.1929,0.2680469,341
KP,Lakki Marwat,0.2358,0.15574,0.31585,47.0087,31.9095,62.108,50.1607,48.6843,51.6372,0.4772032,515
KP,Lower Dir,0.20172,0.15384,0.2496,41.8006,32.9423,50.6588,48.2577,46.4028,50.1126,0.6730927,646
KP,Malakand,0.0832,0.05421,0.11219,20.0628,12.6954,27.4302,41.469,38.2337,44.7043,0.317616,146
KP,Mansehra,0.13553,0.10101,0.17006,28.9862,22.2355,35.7369,46.7584,44.4587,49.058,0.7453578,496
KP,Mardan,0.1041,0.08235,0.12585,24.1411,19.5378,28.7444,43.1226,41.8484,44.3967,1.196506,663
KP,Mohmand,0.46241,0.37522,0.54961,83.3151,73.1721,93.458,55.5019,50.646,60.3578,0.2409567,461
KP,North Waziristan,0.32343,0.28706,0.35981,66.5025,59.6413,73.3638,48.6346,47.4978,49.7715,0.2769468,423
KP,Nowshera,0.10727,0.08239,0.13215,24.752,19.3603,30.1438,43.3371,42.0213,44.653,0.7127803,405
KP,Orakzai,0.26215,0.20576,0.31855,56.9454,45.6941,68.1967,46.0356,44.2064,47.8648,0.1431881,187
KP,Peshawar,0.11054,0.08802,0.13307,25.3255,20.3889,30.2621,43.6494,42.4265,44.8724,2.392721,1391
KP,Shangla,0.34317,0.28242,0.40391,68.629,57.9189,79.339,50.0033,48.201,51.8056,0.3291443,518
KP,South Waziristan,0.36127,0.27522,0.44732,70.8477,57.5669,84.1286,50.9928,47.2188,54.7669,0.3229248,525
KP,Swabi,0.11727,0.08956,0.14498,25.9464,20.3418,31.5509,45.1974,42.9375,47.4574,0.8293992,494
KP,Swat,0.17221,0.11829,0.22613,35.937,25.9392,45.9348,47.9195,45.2771,50.5618,1.15371,951
KP,Tank,0.22737,0.11331,0.34143,46.0314,26.0708,65.9919,49.3944,44.8175,53.9712,0.2017165,213
KP,Tor Garh,0.34094,0.26747,0.41441,69.447,56.9761,81.9178,49.0936,45.0758,53.1114,0.0804237,128
KP,Upper Dir,0.28577,0.22944,0.3421,56.9242,47.3421,66.5063,50.2027,47.6476,52.7578,0.4040478,528
Punjab,Attock,0.01874,0.01046,0.02701,4.53535,2.61589,6.45482,41.315,39.7271,42.9029,0.7374412,77
Punjab,Bahawalnagar,0.1589,0.13415,0.18364,34.3017,29.2595,39.3438,46.3229,45.2703,47.3755,1.557532,1226
Punjab,Bahawalpur,0.14343,0.11823,0.16863,31.4351,26.2893,36.5809,45.6275,44.5186,46.7363,1.947439,1405
Punjab,Bhakhar,0.13492,0.11045,0.15938,31.2297,25.7707,36.6887,43.2014,42.108,44.2949,0.7142729,512
Punjab,Chakwal,0.01542,0.00921,0.02164,3.61052,2.25806,4.96299,42.7127,39.3305,46.095,0.6276937,52
Punjab,Chiniot,0.11866,0.09356,0.14376,27.2099,21.6146,32.8052,43.6089,42.6448,44.573,0.7038071,439
Punjab,D. G. Khan,0.29735,0.24514,0.34956,57.9691,49.4609,66.4773,51.295,48.8743,53.7157,1.459846,1942
Punjab,Faisalabad,0.05948,0.04809,0.07088,13.4914,11.0406,15.9423,44.0892,42.9606,45.2178,3.804859,1178
Punjab,Gujranwala,0.02836,0.02172,0.03501,6.63151,5.1654,8.09761,42.7705,40.9579,44.5832,2.206535,336
Punjab,Gujrat,0.01664,0.00963,0.02364,4.13023,2.44421,5.81625,40.2765,38.0902,42.4627,1.091667,103
Punjab,Hafizabad,0.04361,0.02979,0.05743,10.1829,7.027,13.3387,42.8275,41.3321,44.3228,0.4411039,103
Punjab,Islamabad,0.01098,0.00393,0.01804,2.55241,0.96113,4.14369,43.0282,39.6828,46.3736,0.8688865,51
Punjab,Jehlum,0.02041,0.01203,0.02879,5.01688,3.04,6.99376,40.6793,38.8188,42.5398,0.5327089,61
Punjab,Jhang,0.10031,0.08139,0.11924,22.7194,18.6204,26.8184,44.1535,43.2095,45.0974,1.219971,636
Punjab,Kasur,0.08202,0.06774,0.0963,18.5524,15.5133,21.5916,44.2085,42.8514,45.5655,1.43786,612
Punjab,Khanewal,0.11893,0.09394,0.14393,26.1079,21.193,31.0229,45.5548,43.9501,47.1595,1.481362,888
Punjab,Khushab,0.07249,0.05416,0.09082,16.8554,12.7171,20.9936,43.0081,41.5522,44.464,0.5690787,220
Punjab,Lahore,0.02527,0.01927,0.03127,6.08273,4.75412,7.41133,41.5419,39.8395,43.2442,5.53676,773
Punjab,Layyah,0.08513,0.0506,0.11966,20.2406,12.4381,28.0432,42.0591,40.2553,43.8629,0.9841776,457
Punjab,Lodhran,0.15053,0.11884,0.18223,34.655,27.8481,41.4618,43.4376,42.1544,44.7208,0.7382408,587
Punjab,Mandi Bahauddin,0.03766,0.02418,0.05115,8.81309,5.74281,11.8834,42.7362,40.9017,44.5706,0.6903239,140
Punjab,Mianwali,0.10664,0.05038,0.1629,23.7493,13.0346,34.464,44.9034,40.6091,49.1976,0.6784059,370
Punjab,Multan,0.10472,0.08419,0.12525,23.6424,19.2565,28.0283,44.294,43.2424,45.3455,1.962461,1065
Punjab,Muzaffar Garh,0.21578,0.19108,0.24048,47.8831,42.7754,52.9908,45.0637,44.1158,46.0116,2.210598,2429
Punjab,Nankana Sahib,0.05415,0.03633,0.07197,12.7818,8.96044,16.6032,42.3654,39.8443,44.8865,0.5727044,168
Punjab,Narowal,0.03217,0.02324,0.0411,7.77421,5.70603,9.8424,41.3827,39.6374,43.128,0.8887637,159
Punjab,Okara,0.05891,0.04144,0.07637,13.8943,9.86686,17.9217,42.3959,40.7745,44.0172,1.413217,451
Punjab,Pakpattan,0.10581,0.08749,0.12413,24.5475,20.3565,28.7385,43.104,42.1571,44.0509,0.8493681,478
Punjab,Rahim Yar Khan,0.20041,0.17194,0.22888,42.2488,36.7491,47.7485,47.4357,46.3029,48.5685,2.526359,2449
Punjab,Rajanpur,0.3212,0.26072,0.38167,62.683,52.8737,72.4923,51.2417,48.4914,53.9919,1.025873,1476
Punjab,Rawalpindi,0.01798,0.01271,0.02324,4.22301,3.05481,5.39122,42.5671,40.9591,44.1751,2.577166,250
Punjab,Sahiwal,0.08236,0.06091,0.10381,18.6653,14.0296,23.301,44.1235,42.888,45.359,1.157372,496
Punjab,Sargodha,0.05872,0.04553,0.0719,13.8299,10.8394,16.8204,42.4557,41.509,43.4024,1.773142,563
Punjab,Sheikhupura,0.05361,0.04151,0.06572,12.6104,10.0345,15.1864,42.5155,41.0226,44.0083,1.648355,477
Punjab,Sialkot,0.019,0.0138,0.02421,4.76541,3.46996,6.06086,39.8789,38.4693,41.2885,1.982146,217
Punjab,T.T. Singh,0.05438,0.03885,0.06991,12.7817,9.35831,16.2052,42.5446,41.0097,44.0796,0.9268002,272
Punjab,Vehari,0.13382,0.0985,0.16915,30.7387,23.0329,38.4444,43.5357,42.5231,44.5483,1.497355,1056
Sindh,Badin,0.40083,0.32582,0.47584,74.2947,61.8612,86.7282,53.9517,51.9247,55.9787,0.9260895,1579
Sindh,Dadu,0.20664,0.14919,0.26409,45.9628,34.5544,57.3713,44.9585,42.8298,47.0871,0.808983,853
Sindh,Ghotki,0.30728,0.26356,0.351,62.4949,54.3279,70.6618,49.1683,47.6952,50.6415,0.8099326,1162
Sindh,Hyderabad,0.09246,0.05849,0.12644,20.4835,13.4417,27.5254,45.1406,42.9888,47.2925,1.110895,522
Sindh,Jacobabad,0.27364,0.21897,0.32831,57.9338,47.2217,68.6459,47.2329,45.9249,48.541,0.3448845,459
Sindh,Jamshoro,0.24762,0.1423,0.35294,49.5473,30.104,68.9907,49.976,47.3431,52.609,0.2600324,296
Sindh,Karachi Central,0.02192,0.01465,0.02919,5.61985,3.82523,7.41446,39.0102,37.1959,40.8246,1.632176,210
Sindh,Karachi East,0.03267,0.01941,0.04593,8.32585,5.02409,11.6276,39.2422,37.8348,40.6497,1.482396,283
Sindh,Karachi Malir,0.08047,0.04196,0.11898,19.5624,11.0773,28.0475,41.1337,37.8865,44.381,1.073338,482
Sindh,Karachi South,0.01807,0.01123,0.02492,4.78426,3.1019,6.46661,37.7763,34.0527,41.4999,0.9472412,104
Sindh,Karachi West,0.06114,0.03933,0.08295,14.6018,9.79688,19.4066,41.8708,39.5165,44.2252,2.072357,694
Sindh,Kashmore,0.32065,0.23999,0.4013,65.4814,51.3275,79.6354,48.9674,46.4223,51.5125,0.5217456,784
Sindh,Khairpur,0.29775,0.25834,0.33715,59.4229,52.506,66.3398,50.1064,48.7223,51.4904,1.320616,1801
Sindh,Korangi,0.01929,0.00874,0.02984,5.22684,2.39281,8.06086,36.904,35.4609,38.3471,1.338993,161
Sindh,Larkana,0.18283,0.14114,0.22452,41.7657,33.5993,49.9322,43.7753,41.3611,46.1895,0.5867859,562
Sindh,Matiari,0.2426,0.16459,0.32062,50.6415,36.1532,65.1298,47.9064,45.0439,50.7689,0.3282496,381
Sindh,Mir Pur Khas,0.37412,0.30507,0.44317,65.2338,54.2785,76.1891,57.3502,55.2429,59.4576,0.6186528,926
Sindh,Nowshero Feroze,0.1851,0.12794,0.24226,40.0015,28.7189,51.2841,46.2733,44.1447,48.4019,0.6542789,601
Sindh,Sanghar,0.28807,0.23571,0.34043,57.5684,48.2539,66.8829,50.0393,48.1399,51.9387,1.084563,1433
Sindh,Shahdadkot,0.22395,0.17128,0.27663,49.1808,38.5297,59.8319,45.5364,43.9897,47.0832,0.6913306,780
Sindh,Shaheed Benazir Abad,0.28156,0.24033,0.32279,58.068600000000004,50.1856,65.9516,48.4869,47.0474,49.9265,0.6856908,914
Sindh,Shikarpur,0.34493,0.27736,0.41251,65.548,54.1452,76.9508,52.6231,49.7958,55.4505,0.6683266,1005
Sindh,Sujawal,0.43464,0.36237,0.50691,78.2913,68.315,88.2677,55.5159,52.2387,58.7931,0.3823738,687
Sindh,Sukkur,0.22072,0.16071,0.28073,44.9367,34.1624,55.711,49.1175,46.2281,52.007,0.7034894,725
Sindh,Tando Allah Yar,0.28416,0.21434,0.35398,57.1672,43.9652,70.3692,49.7066,47.4825,51.9308,0.3348864,439
Sindh,Tando Muhammad Khan,0.37346,0.31032,0.4366,72.528,61.3282,83.7278,51.492,49.6231,53.3608,0.3185621,530
Sindh,Tharparkar,0.50828,0.46295,0.5536,90.3874,84.2306,96.5443,56.233,54.3299,58.1361,0.8703725,1805
Sindh,Thatta,0.36191,0.30206,0.42176,71.9075,62.1067,81.7082,50.3304,48.0703,52.5905,0.3865087,638
Sindh,Umer Kot,0.39974,0.32685,0.47263,75.0266,63.2606,86.7927,53.2796,50.5935,55.9656,0.5337895,919
Balochistan,Awaran,0.51104,0.44481,0.57726,90.0973,80.9502,99.2445,56.7204,54.7427,58.6982,0.0539057,111
Balochistan,Barkhan,0.32051,0.26513,0.37589,65.1634,54.8969,75.43,49.1856,47.7525,50.6188,0.1286691,192
Balochistan,Dera Bugti,0.35772,0.25994,0.45551,78.6522,57.0021,100.302,45.4816,42.7692,48.194,0.1441881,260
Balochistan,Duki,0.30621,0.20954,0.40288,63.6456,50.3776,76.9135,48.1118,42.1163,54.1074,0.0856962,125
Balochistan,Gwadar,0.14776,0.03167,0.26384,31.7852,7.14956,56.4208,46.4861,43.2403,49.732,0.1150503,84
Balochistan,Harnai,0.38743,0.28222,0.49265,77.0395,58.9521,95.1269,50.2904,46.9243,53.6564,0.04957,88
Balochistan,Jaffarabad,0.35494,0.2534,0.45649,71.1797,52.9445,89.415,49.8656,47.5509,52.1803,0.2649828,433
Balochistan,Kachhi/Bolan,0.41225,0.31036,0.51415,77.0132,60.2437,93.7826,53.5304,49.3797,57.6811,0.1121612,198
Balochistan,Kalat,0.30603,0.24249,0.36957,68.2417,56.8532,79.6302,44.8453,41.5512,48.1394,0.0786749,123
Balochistan,Kech/Turbat,0.21756,0.13682,0.29829,47.8098,31.5389,64.0806,45.505,43.4041,47.6058,0.4657572,511
Balochistan,Kharan,0.30895,0.25292,0.36497,62.8125,53.5995,72.0254,49.1854,46.7231,51.6477,0.0974031,140
Balochistan,Khuzdar,0.57196,0.54469,0.59924,94.9734,93.0556,96.8912,60.2235,58.2125,62.2344,0.2642092,576
Balochistan,Kohlu,0.09259,0.00757,0.17761,21.9025,1.32329,42.4817,42.2733,39.4022,45.1443,0.0383459,19
Balochistan,Lasbela,0.22687,0.11409,0.33964,46.6246,27.1107,66.1385,48.6581,42.438,54.8782,0.3106118,332
Balochistan,Loralai,0.23513,0.16341,0.30686,48.9455,34.9327,62.9582,48.0396,46.5826,49.4966,0.1566796,176
Balochistan,Mastung,0.22405,0.14501,0.30308,50.7215,33.2917,68.1514,44.1718,42.3584,45.9853,0.150569,175
Balochistan,Nasirabad/Tamboo,0.38049,0.26912,0.49185,74.7663,56.9897,92.5429,50.89,47.7975,53.9825,0.2483892,426
Balochistan,Nushki,0.22705,0.14958,0.30452,48.6959,33.6389,63.7529,46.6256,44.1549,49.0963,0.0860506,96
Balochistan,Pishin,0.17653,0.13338,0.21967,36.8686,28.8648,44.8724,47.8801,45.8484,49.9118,0.363834,308
Balochistan,Qilla Abdullah,0.47263,0.42495,0.52032,88.409,83.4196,93.3984,53.4598,50.0187,56.9009,0.5044332,1023
Balochistan,Qilla Saifullah,0.44775,0.38362,0.51189,80.7612,71.7266,89.7958,55.4418,52.2586,58.6251,0.1346116,249
Balochistan,Quetta,0.20132,0.14672,0.25592,42.1061,31.1415,53.0706,47.8123,45.9835,49.6411,1.230539,1189
Balochistan,Shaheed Sikandar Abad,0.43671,0.39533,0.47809,92.2168,87.5043,96.9293,47.3568,44.3596,50.3541,0.0846152,179
Balochistan,Sherani,0.52224,0.43752,0.60696,95.0693,84.8166,105.322,54.9324,51.8157,58.049,0.0744649,162
Balochistan,Sibbi,0.27335,0.12442,0.42228,53.347,25.3963,81.2977,51.2406,48.2584,54.2228,0.1721816,211
Balochistan,Sohbatpur,0.42167,0.32794,0.5154,82.4231,67.2215,97.6246,51.1587,48.4295,53.8879,0.0988591,187
Balochistan,Washuk,0.30706,0.19096,0.42316,57.1265,37.1012,77.1517,53.7505,50.5472,56.9538,0.0824961,108
Balochistan,Ziarat,0.4132,0.34765,0.47874,83.5254,74.3881,92.6626,49.4694,44.7861,54.1528,0.081977,157
