country,years_observed,avg_ratio,min_ratio,max_ratio,ratio_range,ratio_stability
Malawi,4,71.3650175,69.14697,74.08589,4.93892000000001,Stable
Rwanda,6,58.6671566666667,57.85938,59.81633,1.95695,Stable
Chad,5,58.45819,55.54179,62.42763,6.88584,Moderate
Mozambique,6,54.2169016666667,52.43683,54.92451,2.48768,Stable
Burundi,6,46.3757916666667,43.22109,49.66066,6.43957,Moderate
Guinea,4,45.1263725,43.55555,47.14862,3.59307,Stable
Pakistan,6,44.8636616666667,41.35274,47.63465,6.28191,Moderate
Afghanistan,4,44.681965,44.00995,45.71171,1.70175999999999,Stable
Uganda,5,44.538492,42.65911,48.80484,6.14573,Moderate
Cambodia,6,44.50021,41.66267,46.92711,5.26444,Moderate
Zambia,6,44.389145,41.0469,49.22433,8.17743,Moderate
United Republic Of Tanzania,5,44.250962,41.76673,47.15284,5.38611,Moderate
Benin,6,44.0093816666667,41.63992,45.92349,4.28357,Stable
Burkina Faso,6,43.873655,40.68126,48.23903,7.55777,Moderate
Cameroon,5,43.714616,41.46571,45.56349,4.09778,Stable
Eritrea,5,42.329544,39.24553,45.66797,6.42244,Moderate
Côte D'ivoire,6,42.0369866666667,41.00117,42.52673,1.52556,Stable
Madagascar,5,41.269562,39.76644,43.06725,3.30081,Stable
Togo,6,41.18878,40.12613,41.70862,1.58249,Stable
Mali,5,40.75668,38.22009,42.70695,4.48686,Stable
Low Income Countries,6,40.2829266666667,39.46101,41.27404,1.81303,Stable
Sub-Saharan Africa,6,39.7551133333333,38.49626,43.61803,5.12177,Moderate
Africa (Sub-Saharan),6,39.73761,38.48384,43.59906,5.11522,Moderate
Kenya,3,39.52614,30.65055,56.5747,25.92415,Variable
Least Developed Countries,6,38.57629,37.19504,40.19802,3.00298,Stable
Landlocked Developing Countries,6,38.4329266666667,38.17307,38.66007,0.486999999999995,Stable
Gambia,6,37.7731666666667,33.86525,44.68514,10.81989,Variable
Niger,6,36.674365,35.75275,38.75524,3.00249,Stable
Mauritania,5,36.413114,34.37911,40.12932,5.75021,Moderate
Sierra Leone,5,35.669162,32.99373,39.43821,6.44448,Moderate
Democratic Republic Of The Congo,4,35.08353,33.19793,37.06925,3.87132,Stable
Bhutan,6,34.26317,23.9859,40.31205,16.32615,Variable
Asia (Southern),6,33.7964716666667,32.3491,35.25723,2.90813,Stable
South And West Asia,6,33.7964716666667,32.3491,35.25723,2.90813,Stable
Lesotho,6,33.2128683333333,32.62708,34.07946,1.45238,Stable
Asia (Central And Southern),6,33.1907166666667,31.81849,34.45164,2.63315,Stable
India,4,32.578555,31.28855,35.21588,3.92733,Stable
Sao Tome And Principe,6,32.47278,28.65004,38.77644,10.1264,Variable
Djibouti,7,32.3287157142857,29.37453,34.93245,5.55792,Moderate
Senegal,6,32.3026316666667,31.74299,32.81273,1.06974,Stable
South Africa,4,32.016855,30.3322,32.93793,2.60573,Stable
Oceania (Excl. Australia/New Zealand),6,31.75067,31.55987,32.06954,0.509670000000003,Stable
Philippines,3,30.2017833333333,28.98824,31.35082,2.36258,Stable
Ghana,7,30.1602142857143,27.24556,32.98357,5.73801,Moderate
Lower Middle Income Countries,6,28.932505,27.83073,30.93166,3.10093,Stable
El Salvador,3,28.7421,28.26087,29.69441,1.43354,Stable
Mongolia,6,28.6445616666667,27.20739,30.37955,3.17216,Stable
Eswatini,5,28.009132,27.27385,29.05959,1.78574,Stable
Liberia,3,28.0042266666667,26.49841,30.44637,3.94796,Stable
Honduras,3,27.7046533333333,25.59773,29.14566,3.54793,Stable
Mexico,6,27.2228966666667,26.55228,28.01636,1.46408,Stable
Iran (Islamic Republic Of),5,26.838624,25.65459,28.52479,2.8702,Stable
Morocco,6,26.332095,25.66659,28.03417,2.36758,Stable
Kiribati,3,25.8638666666667,25.48855,26.37134,0.88279,Stable
Kyrgyzstan,6,24.9821116666667,23.89988,26.19366,2.29378,Stable
Lao People's Democratic Republic,6,24.5550766666667,22.33745,27.12631,4.78886,Stable
Colombia,6,24.412855,23.60132,25.04796,1.44664,Stable
Myanmar,3,24.2168933333333,22.04141,27.56392,5.52251,Moderate
Palestine,6,24.0566216666667,23.5944,24.72816,1.13376,Stable
Ecuador,5,24.054406,22.07788,25.10571,3.02783,Stable
Nepal,6,23.9213016666667,20.90655,27.5331,6.62655,Moderate
Middle Income Countries,6,23.8419433333333,23.25436,24.73349,1.47913,Stable
Algeria,6,23.7302016666667,23.15942,24.2355,1.07608,Stable
World,12,23.5367533333333,23.09554,24.18661,1.09107,Stable
Sri Lanka,6,23.5150066666667,22.93257,24.4299,1.49733,Stable
Solomon Islands,6,22.7861466666667,19.13812,25.77788,6.63976,Moderate
Tonga,4,22.5860825,21.10539,25.74776,4.64237,Stable
Tajikistan,6,22.47324,22.19159,23.00472,0.813129999999998,Stable
Guatemala,6,22.4195766666667,20.17993,25.54245,5.36252,Moderate
Jamaica,6,22.2236566666667,21.67349,22.85664,1.18315,Stable
Cabo Verde,6,22.16811,21.08156,22.97124,1.88968,Stable
Panama,5,22.056658,21.44301,22.60998,1.16697,Stable
Africa (Northern),6,21.8594066666667,21.02984,22.92617,1.89633,Stable
Latin America And The Caribbean,12,21.8376716666667,21.44978,22.23906,0.789279999999998,Stable
Small Island Developing States,12,21.3786841666667,20.84964,22.09508,1.24544,Stable
Belize,6,21.1766683333333,19.58631,22.57321,2.9869,Stable
Oceania,6,20.959155,20.86664,21.05164,0.184999999999999,Stable
Brazil,5,20.713406,20.31899,21.22749,0.9085,Stable
Dominican Republic,6,20.56891,18.29098,23.6279,5.33692,Moderate
United Arab Emirates,5,20.265096,16.06864,24.52278,8.45414,Moderate
Russian Federation,5,19.997938,19.59062,20.61869,1.02807,Stable
Arab States,6,19.55661,19.08742,20.22296,1.13554,Stable
Turkey,4,19.424565,18.40513,20.13204,1.72691,Stable
Viet Nam,6,19.3328366666667,18.88349,19.64643,0.76294,Stable
Chile,5,19.101556,17.79358,21.15991,3.36633,Stable
Asia (Central),6,19.046005,16.97764,21.45237,4.47473,Stable
Mauritius,6,19.0028566666667,17.79444,20.93864,3.1442,Stable
Western Asia And Northern Africa,6,18.9787333333333,18.6422,19.48763,0.84543,Stable
Asia (South-Eastern),6,18.9713916666667,17.45689,20.64635,3.18946,Stable
Jordan,3,18.7702933333333,16.90871,21.03903,4.13032,Stable
Albania,6,18.71429,17.94478,19.48298,1.5382,Stable
Romania,3,18.59826,17.56015,19.32759,1.76744,Stable
Upper Middle Income Countries,6,18.5275233333333,18.32942,18.7663,0.436880000000002,Stable
Uzbekistan,6,18.2237533333333,14.97123,21.15014,6.17891,Moderate
Peru,7,18.0788085714286,17.38724,19.18832,1.80108,Stable
Kazakhstan,7,17.8108928571429,16.19104,20.75555,4.56451,Stable
Bolivia (Plurinational State Of),6,17.74263,15.58669,18.76043,3.17374,Stable
Central Asia,6,17.6965766666667,15.98922,19.74777,3.75855,Stable
Bulgaria,4,17.59825,17.41818,17.73363,0.315450000000002,Stable
East Asia And The Pacific,6,17.4922666666667,16.95153,18.23177,1.28024,Stable
Asia (Eastern And South-Eastern),6,17.43603,16.8855,18.19164,1.30614,Stable
United Kingdom Of Great Britain And Northern Ireland,4,17.2969725,15.05392,18.43752,3.3836,Stable
Bosnia And Herzegovina,5,17.113894,16.82054,17.28654,0.465999999999998,Stable
Republic Of Moldova,6,16.9142033333333,15.7877,17.68211,1.89441,Stable
Belarus,6,16.9095816666667,14.90909,18.80255,3.89346,Stable
Republic Of Korea,5,16.81866,16.30703,17.87581,1.56878,Stable
Asia (Western),6,16.8143716666667,16.55337,17.26579,0.712419999999998,Stable
Tunisia,5,16.621064,15.79669,17.43043,1.63374,Stable
Asia (Eastern),6,16.6042033333333,16.30374,16.94301,0.63927,Stable
Cook Islands,5,16.568202,14.75591,17.36449,2.60858,Stable
China,6,16.5617566666667,16.23079,16.85343,0.622640000000001,Stable
Central And Eastern Europe,6,16.5243816666667,16.22284,16.81769,0.594849999999997,Stable
Japan,4,16.3070225,15.87224,16.73194,0.859700000000002,Stable
Thailand,5,16.286914,15.3927,16.88246,1.48976,Stable
Indonesia,5,16.257506,13.97814,18.59225,4.61411,Stable
Slovenia,5,16.22427,13.80157,16.90462,3.10305,Stable
Saint Lucia,6,15.657155,14.21546,17.24099,3.02553,Stable
Grenada,5,15.58198,14.48004,16.99747,2.51743,Stable
Niue,3,15.3927366666667,13.46667,17.25,3.78333,Stable
Slovakia,4,15.1181225,14.94005,15.24933,0.309280000000001,Stable
Serbia,6,15.091,14.28392,15.7097,1.42578,Stable
Saint Vincent And The Grenadines,6,15.0881283333333,14.39337,15.748,1.35463,Stable
The Former Yugoslav Republic Of Macedonia,4,15.0744025,14.40654,15.57295,1.16641,Stable
Northern America,5,14.672148,14.62766,14.73938,0.11172,Stable
New Zealand,5,14.597656,14.36696,14.91552,0.54856,Stable
Saint Kitts And Nevis,5,14.47664,13.798,15.09945,1.30145,Stable
United States Of America,4,14.4676375,14.42216,14.53749,0.11533,Stable
Dominica,5,14.391306,13.07679,15.78295,2.70616,Stable
Northern America And Europe,6,14.3488983333333,14.27023,14.46216,0.191930000000001,Stable
High Income Countries,6,14.24015,14.15035,14.32286,0.172510000000001,Stable
Ukraine,5,14.14236,12.38447,16.48785,4.10338,Stable
Europe,6,14.1303183333333,14.00801,14.31345,0.305439999999999,Stable
Cayman Islands,3,14.03126,13.0363,15.74725,2.71095,Stable
North America And Western Europe,6,13.9885916666667,13.87057,14.1358,0.265229999999999,Stable
Montserrat,3,13.9805566666667,10.975,15.9,4.925,Stable
"China, Hong Kong Special Administrative Region",6,13.8971466666667,13.66248,14.43462,0.77214,Stable
"China, Macao Special Administrative Region",6,13.8255866666667,13.50974,14.10087,0.59113,Stable
Croatia,5,13.658658,13.50611,13.71278,0.206670000000001,Stable
Antigua And Barbuda,4,13.6203925,12.05576,14.33428,2.27852,Stable
Puerto Rico,5,13.56774,12.89212,14.06949,1.17737,Stable
Azerbaijan,6,13.52283,11.92302,15.48619,3.56317,Stable
Seychelles,6,13.4569533333333,12.55556,14.03261,1.47705,Stable
Suriname,6,13.4537233333333,12.92371,13.98546,1.06175,Stable
Barbados,4,13.3910875,12.71532,14.09682,1.3815,Stable
Finland,4,13.352625,13.19718,13.55949,0.362310000000001,Stable
Cyprus,4,13.1694775,11.91513,13.77462,1.85949,Stable
Malta,5,13.050944,11.45141,13.89999,2.44858,Stable
Spain,5,13.0389,12.60121,13.31975,0.718540000000001,Stable
Costa Rica,4,12.8059525,11.97865,13.34199,1.36334,Stable
Portugal,5,12.801236,11.73422,13.40675,1.67253,Stable
Lithuania,5,12.788678,12.43042,13.22845,0.798030000000001,Stable
Lebanon,5,12.673988,12.04695,14.33889,2.29194,Stable
Monaco,3,12.2667166666667,10.45596,13.70548,3.24952,Stable
Israel,4,12.0973525,12.07069,12.11677,0.0460799999999999,Stable
Germany,5,11.992604,11.58027,12.29942,0.719149999999999,Stable
Bahrain,6,11.8729033333333,11.66884,12.15924,0.490400000000001,Stable
Italy,4,11.813275,11.12385,12.06786,0.94401,Stable
Malaysia,6,11.67262,11.4126,12.00361,0.591010000000001,Stable
Netherlands,5,11.635748,11.50226,11.72995,0.227690000000001,Stable
Uruguay,4,11.5808875,11.13129,11.9642,0.83291,Stable
Sweden,5,11.567236,9.64567,12.3537,2.70803,Stable
Estonia,3,11.4373533333333,11.26704,11.54548,0.27844,Stable
British Virgin Islands,4,11.41043,10.53822,11.74552,1.2073,Stable
Belgium,5,11.224448,11.14292,11.30569,0.16277,Stable
Latvia,5,11.14538,11.01496,11.3295,0.314539999999999,Stable
Qatar,6,10.973435,9.59909,11.77467,2.17558,Stable
Saudi Arabia,5,10.954292,10.5435,11.68136,1.13786,Stable
Maldives,6,10.903875,10.16278,12.02005,1.85727,Stable
Hungary,5,10.7746,10.40282,11.2436,0.840780000000001,Stable
Austria,6,10.5252116666667,10.01653,10.82489,0.80836,Stable
Poland,5,10.38165,10.18568,10.81003,0.62435,Stable
Switzerland,4,10.36008,10.10462,10.7542,0.64958,Stable
Brunei Darussalam,6,10.2324616666667,10.01661,10.58767,0.571059999999999,Stable
Iceland,4,9.98053,9.85605,10.14405,0.288,Stable
Andorra,6,9.82281,9.33028,10.5,1.16972,Stable
Greece,5,9.411306,9.19747,9.64365,0.44618,Stable
Georgia,5,9.006344,8.82638,9.09457,0.268189999999999,Stable
Cuba,6,8.942045,8.74431,9.06511,0.3208,Stable
Norway,4,8.9222225,8.85048,9.01206,0.161580000000001,Stable
Kuwait,6,8.76842,8.60056,8.86229,0.26173,Stable
Bermuda,4,8.540535,6.72131,10.4196,3.69829,Stable
Luxembourg,5,8.288498,8.14088,8.45773,0.316850000000001,Stable
Liechtenstein,4,7.6949425,7.44361,7.84524,0.401630000000001,Stable
