market_id,market,admin1,admin2,province,latitude,longitude,reporting
292,Multan,PUNJAB,Multan,NA,30.2,71.48,TRUE
293,Karachi,SINDH,Karachi,NA,24.91,67.08,TRUE
294,Peshawar,KHYBER PAKHTUNKHWA,Peshawar,NA,34.01,71.58,TRUE
295,Quetta,BALOCHISTAN,Quetta,NA,30.19,67.01,TRUE
7417,Chachro,SINDH,Mirpur Khas,NA,25.11,70.25,FALSE
7418,Kantio,SINDH,Mirpur Khas,NA,25.17,69.97,FALSE
7419,Mubarik Rind,SINDH,Mirpur Khas,NA,25.03,70.55,FALSE
7420,Islamkot,SINDH,Mirpur Khas,NA,24.7,70.18,FALSE
7421,Mithi,SINDH,Mirpur Khas,NA,24.73,69.8,FALSE
7422,Chilhar,SINDH,Mirpur Khas,NA,24.98,69.92,FALSE
9372,Dalbandin,BALOCHISTAN,Quetta,NA,28.95,64.13,FALSE
9373,Nokkundi,BALOCHISTAN,Quetta,NA,28.79,62.86,FALSE
9374,Taftan,BALOCHISTAN,Quetta,NA,29.15,61.78,FALSE
9375,Chagai,BALOCHISTAN,Quetta,NA,29.34,64.75,FALSE
9376,Ormara,BALOCHISTAN,Mekran,NA,25.4,64.73,FALSE
9377,Gwadar,BALOCHISTAN,Mekran,NA,25.33,62.24,FALSE
9378,Jiwani,BALOCHISTAN,Mekran,NA,25.16,61.8,FALSE
9379,Pasni,BALOCHISTAN,Mekran,NA,25.41,63.27,FALSE
9380,Sunster,BALOCHISTAN,Mekran,NA,25.51,61.84,FALSE
9381,Usta Mohammad,BALOCHISTAN,Nasirabad,NA,28.16,67.97,FALSE
9382,Jhat Pat,BALOCHISTAN,Nasirabad,NA,28.34,68.21,FALSE
9383,Gandakha,BALOCHISTAN,Nasirabad,NA,28.07,67.76,FALSE
9384,Buleda,BALOCHISTAN,Mekran,NA,26.39,63.04,FALSE
9385,Dasht,BALOCHISTAN,Mekran,NA,25.69,62.57,FALSE
9386,Kech (Turbat),BALOCHISTAN,Mekran,NA,25.89,63.45,FALSE
9387,Mand,BALOCHISTAN,Mekran,NA,26.02,61.97,FALSE
9388,Tump,BALOCHISTAN,Mekran,NA,26.21,62.39,FALSE
9389,Kharan,BALOCHISTAN,Kalat,NA,28.89,65.74,FALSE
9390,Tomulk,BALOCHISTAN,Kalat,NA,28.62,65.2,FALSE
9391,Sar Kharan,BALOCHISTAN,Kalat,NA,28.43,65.65,FALSE
9392,Killa Saifullah,BALOCHISTAN,Zhob,NA,30.99,68.53,FALSE
9393,Muslim Bagh,BALOCHISTAN,Zhob,NA,30.92,67.85,FALSE
9394,Hub,BALOCHISTAN,Kalat,NA,25.21,66.98,FALSE
9395,Bela,BALOCHISTAN,Kalat,NA,26.26,66.4,FALSE
9396,Kanraj,BALOCHISTAN,Kalat,NA,26.15,66.78,FALSE
9397,Dureji,BALOCHISTAN,Kalat,NA,25.93,67.19,FALSE
9398,Gaddani,BALOCHISTAN,Kalat,NA,25.07,66.79,FALSE
9399,Sonmiani,BALOCHISTAN,Kalat,NA,25.42,66.78,FALSE
9400,Uthal,BALOCHISTAN,Kalat,NA,25.86,66.66,FALSE
9401,Lakhra,BALOCHISTAN,Kalat,NA,25.83,66.34,FALSE
9402,Lairi,BALOCHISTAN,Kalat,NA,25.51,65.81,FALSE
9403,Chattar,BALOCHISTAN,Nasirabad,NA,28.8,68.33,FALSE
9404,Dera Murad Jamali,BALOCHISTAN,Nasirabad,NA,28.6,68.17,FALSE
9405,Tamboo,BALOCHISTAN,Nasirabad,NA,28.45,67.91,FALSE
9406,Barshore,BALOCHISTAN,Quetta,NA,31.01,67.41,FALSE
9407,Huramzai,BALOCHISTAN,Quetta,NA,30.85,66.91,FALSE
9408,Karezat,BALOCHISTAN,Quetta,NA,30.6,67.28,FALSE
9409,Saranan,BALOCHISTAN,Quetta,NA,30.44,66.72,FALSE
9410,Pishin,BALOCHISTAN,Quetta,NA,30.71,67.03,FALSE
9411,Panjpai,BALOCHISTAN,Quetta,NA,30.03,66.47,FALSE
9412,Quetta Saddar,BALOCHISTAN,Quetta,NA,30.29,66.97,FALSE
9413,Sohbatpur,BALOCHISTAN,Nasirabad,NA,28.51,68.62,FALSE
9414,Salarzai,FATA,FATA,NA,34.87,71.53,FALSE
9415,Nawagai,FATA,FATA,NA,34.73,71.29,FALSE
9416,Bar Chamarkand,FATA,FATA,NA,34.73,71.2,FALSE
9417,Barang,FATA,FATA,NA,34.62,71.62,FALSE
9418,Khar,FATA,FATA,NA,34.73,71.48,FALSE
9419,Mamund,FATA,FATA,NA,34.83,71.39,FALSE
9420,Utman Khel,FATA,FATA,NA,34.74,71.7,FALSE
9421,Wazir,FATA,FATA,NA,33.08,70.58,FALSE
9422,Bannu,KHYBER PAKHTUNKHWA,Bannu,NA,32.95,70.67,FALSE
9423,Domel,KHYBER PAKHTUNKHWA,Bannu,NA,32.97,70.82,FALSE
9424,Baka Khel,KHYBER PAKHTUNKHWA,Bannu,NA,32.86,70.47,FALSE
9425,Miryan,KHYBER PAKHTUNKHWA,Bannu,NA,32.9,70.58,FALSE
9426,Kakki,KHYBER PAKHTUNKHWA,Bannu,NA,32.86,70.69,FALSE
9427,Allai,KHYBER PAKHTUNKHWA,Hazara,NA,34.84,73.19,FALSE
9428,Batagram,KHYBER PAKHTUNKHWA,Hazara,NA,34.68,73.03,FALSE
9429,Daggar,KHYBER PAKHTUNKHWA,Malakand,NA,34.56,72.4,FALSE
9430,Gagra,KHYBER PAKHTUNKHWA,Malakand,NA,34.52,72.61,FALSE
9431,Khadi Khel,KHYBER PAKHTUNKHWA,Malakand,NA,34.26,72.54,FALSE
9432,Mandanr,KHYBER PAKHTUNKHWA,Malakand,NA,34.38,72.64,FALSE
9433,Mastuj,KHYBER PAKHTUNKHWA,Malakand,NA,36.44,72.82,FALSE
9434,Mulkhow,KHYBER PAKHTUNKHWA,Malakand,NA,36.49,72.27,FALSE
9435,Darazinda,FATA,FATA,NA,31.58,70.15,FALSE
9436,D. I. Khan,KHYBER PAKHTUNKHWA,D.I.Khan,NA,31.91,70.79,FALSE
9437,Daraban,KHYBER PAKHTUNKHWA,D.I.Khan,NA,31.65,70.44,FALSE
9438,Kulachi,KHYBER PAKHTUNKHWA,D.I.Khan,NA,31.97,70.43,FALSE
9439,Paharpur,KHYBER PAKHTUNKHWA,D.I.Khan,NA,32.24,71.04,FALSE
9440,Paroa,KHYBER PAKHTUNKHWA,D.I.Khan,NA,31.48,70.66,FALSE
9441,Hangu,KHYBER PAKHTUNKHWA,Kohat,NA,33.49,71,FALSE
9442,Tall,KHYBER PAKHTUNKHWA,Kohat,NA,33.39,70.72,FALSE
9443,Banda Daud Shah,KHYBER PAKHTUNKHWA,Kohat,NA,33.26,71.07,FALSE
9444,Karak,KHYBER PAKHTUNKHWA,Kohat,NA,33.13,71.14,FALSE
9445,Takht-e-Nasrati,KHYBER PAKHTUNKHWA,Kohat,NA,32.99,71.14,FALSE
9446,Mulagori,FATA,FATA,NA,34.11,71.32,FALSE
9447,Bara,FATA,FATA,NA,33.87,70.97,FALSE
9448,Jamrud,FATA,FATA,NA,33.99,71.31,FALSE
9449,Landi Kotal,FATA,FATA,NA,34.11,71.14,FALSE
9450,Bankad,KHYBER PAKHTUNKHWA,Hazara,NA,35.14,72.84,FALSE
9451,Pattan,KHYBER PAKHTUNKHWA,Hazara,NA,35.2,73.01,FALSE
9452,Kandia,KHYBER PAKHTUNKHWA,Hazara,NA,35.57,73,FALSE
9453,Dassu,KHYBER PAKHTUNKHWA,Hazara,NA,35.2,73.54,FALSE
9454,Harban Basha,KHYBER PAKHTUNKHWA,Hazara,NA,35.43,73.59,FALSE
9455,Seo,KHYBER PAKHTUNKHWA,Hazara,NA,35.34,73.19,FALSE
9456,Central Kurram,FATA,FATA,NA,33.69,70.49,FALSE
9457,Lower Kurram,FATA,FATA,NA,33.56,70.32,FALSE
9458,Upper Kurram,FATA,FATA,NA,33.88,70.07,FALSE
9459,Bettani,FATA,FATA,NA,32.64,70.38,FALSE
9460,Lakki Marwat,KHYBER PAKHTUNKHWA,Bannu,NA,32.55,70.86,FALSE
9461,Sarai Naurang,KHYBER PAKHTUNKHWA,Bannu,NA,32.74,70.77,FALSE
9462,Samarbagh,KHYBER PAKHTUNKHWA,Malakand,NA,34.95,71.64,FALSE
9463,Munda,KHYBER PAKHTUNKHWA,Malakand,NA,34.83,71.72,FALSE
9464,Adenzai,KHYBER PAKHTUNKHWA,Malakand,NA,34.73,72.02,FALSE
9465,Timergara,KHYBER PAKHTUNKHWA,Malakand,NA,34.75,71.86,FALSE
9466,Balambat,KHYBER PAKHTUNKHWA,Malakand,NA,34.88,71.89,FALSE
9467,Lalqila,KHYBER PAKHTUNKHWA,Malakand,NA,34.99,71.81,FALSE
9468,Baizai,FATA,FATA,NA,34.52,71.11,FALSE
9469,Safi,FATA,FATA,NA,34.59,71.23,FALSE
9470,Prang Ghar,FATA,FATA,NA,34.44,71.59,FALSE
9471,Ambar,FATA,FATA,NA,34.6,71.47,FALSE
9472,Halimzai,FATA,FATA,NA,34.39,71.34,FALSE
9473,Pandiali,FATA,FATA,NA,34.45,71.43,FALSE
9474,Yaka Ghund,FATA,FATA,NA,34.25,71.36,FALSE
9475,Khwazai,FATA,FATA,NA,34.4,71.2,FALSE
9476,Data Khel,FATA,FATA,NA,32.96,69.71,FALSE
9477,Dossali,FATA,FATA,NA,32.84,70.02,FALSE
9478,Garyum,FATA,FATA,NA,32.76,70.12,FALSE
9479,Ghulam Khan,FATA,FATA,NA,33.12,70.03,FALSE
9480,Mir Ali,FATA,FATA,NA,32.96,70.24,FALSE
9481,Miran Shah,FATA,FATA,NA,32.98,70.03,FALSE
9482,Razmak,FATA,FATA,NA,32.73,69.86,FALSE
9483,Shewa,FATA,FATA,NA,33.27,70.45,FALSE
9484,Spinwam,FATA,FATA,NA,33.16,70.31,FALSE
9485,Central Orakzai,FATA,FATA,NA,33.69,70.97,FALSE
9486,Ismailzai,FATA,FATA,NA,33.6,70.93,FALSE
9487,Lower Orakzai,FATA,FATA,NA,33.75,71.16,FALSE
9488,Upper Orakzai,FATA,FATA,NA,33.7,70.72,FALSE
9489,Puran,KHYBER PAKHTUNKHWA,Malakand,NA,34.75,72.66,FALSE
9490,Makhuzai,KHYBER PAKHTUNKHWA,Malakand,NA,34.69,72.59,FALSE
9491,Martoong,KHYBER PAKHTUNKHWA,Malakand,NA,34.63,72.75,FALSE
9492,Alpuri,KHYBER PAKHTUNKHWA,Malakand,NA,34.96,72.69,FALSE
9493,Bisham,KHYBER PAKHTUNKHWA,Malakand,NA,34.87,72.87,FALSE
9494,Chakisar,KHYBER PAKHTUNKHWA,Malakand,NA,34.78,72.78,FALSE
9495,Birmal,FATA,FATA,NA,32.41,69.4,FALSE
9496,Toi Khulla,FATA,FATA,NA,32.04,69.48,FALSE
9497,Wana,FATA,FATA,NA,32.13,69.77,FALSE
9498,Shawal,FATA,FATA,NA,32.73,69.59,FALSE
9499,Ladha,FATA,FATA,NA,32.61,69.96,FALSE
9500,Makin,FATA,FATA,NA,32.66,69.86,FALSE
9501,Sararogha,FATA,FATA,NA,32.46,70.07,FALSE
9502,Serwakai,FATA,FATA,NA,32.32,69.91,FALSE
9503,Tiarza,FATA,FATA,NA,32.45,69.72,FALSE
9504,Jandola,FATA,FATA,NA,32.45,70.28,FALSE
9505,Tank,KHYBER PAKHTUNKHWA,D.I.Khan,NA,32.25,70.39,FALSE
9506,Judba,KHYBER PAKHTUNKHWA,Hazara,NA,34.66,72.85,FALSE
9507,Khander,KHYBER PAKHTUNKHWA,Hazara,NA,34.48,72.82,FALSE
9508,Barawal,KHYBER PAKHTUNKHWA,Malakand,NA,35.1,71.69,FALSE
9509,Khall,KHYBER PAKHTUNKHWA,Malakand,NA,34.9,72.02,FALSE
9510,Dir,KHYBER PAKHTUNKHWA,Malakand,NA,35.22,71.85,FALSE
9511,Kalkot,KHYBER PAKHTUNKHWA,Malakand,NA,35.45,72.18,FALSE
9512,Shrengal,KHYBER PAKHTUNKHWA,Malakand,NA,35.43,72,FALSE
9513,Wari,KHYBER PAKHTUNKHWA,Malakand,NA,35.02,72.06,FALSE
9514,Larjam,KHYBER PAKHTUNKHWA,Malakand,NA,35.16,72.14,FALSE
9515,Bahawalpur,PUNJAB,Bahawalpur,NA,29.34,71.63,FALSE
9516,Hasilpur,PUNJAB,Bahawalpur,NA,29.63,72.52,FALSE
9517,Ahmadpur East,PUNJAB,Bahawalpur,NA,29.27,71.15,FALSE
9518,Khairpur Tamewali,PUNJAB,Bahawalpur,NA,29.6,72.17,FALSE
9519,Yazman,PUNJAB,Bahawalpur,NA,28.68,71.71,FALSE
9520,D.G Khan (Tribal Area),PUNJAB,Dera Ghazi Khan,NA,30.41,70.26,FALSE
9558,Dera Ghazi Khan,PUNJAB,Dera Ghazi Khan,NA,30.19,70.66,FALSE
9559,Kot Chatta,PUNJAB,Dera Ghazi Khan,NA,29.85,70.51,FALSE
9560,Taunsa,PUNJAB,Dera Ghazi Khan,NA,30.93,70.63,FALSE
9561,Dunyapur,PUNJAB,Multan,NA,29.83,71.71,FALSE
9562,Kahror Pacca,PUNJAB,Multan,NA,29.64,71.89,FALSE
9563,Lodhran,PUNJAB,Multan,NA,29.59,71.55,FALSE
9564,Alipur,PUNJAB,Dera Ghazi Khan,NA,29.32,70.78,FALSE
9565,Jatoi,PUNJAB,Dera Ghazi Khan,NA,29.62,70.87,FALSE
9566,Kot Addu,PUNJAB,Dera Ghazi Khan,NA,30.46,71.12,FALSE
9567,Muzaffargarh,PUNJAB,Dera Ghazi Khan,NA,30.07,71.15,FALSE
9568,Khanpur,PUNJAB,Bahawalpur,NA,28.7,70.61,FALSE
9569,Liaqatpur,PUNJAB,Bahawalpur,NA,28.36,70.74,FALSE
9570,Rahim Yar Khan,PUNJAB,Bahawalpur,NA,28.5,70.33,FALSE
9571,Sadiqabad,PUNJAB,Bahawalpur,NA,28.27,69.97,FALSE
9572,Jampur,PUNJAB,Dera Ghazi Khan,NA,29.56,70.36,FALSE
9573,Rajanpur,PUNJAB,Dera Ghazi Khan,NA,29.16,70.31,FALSE
9574,Rajanpur (Tribal Area),PUNJAB,Dera Ghazi Khan,NA,29.22,69.77,FALSE
9575,Rojhan,PUNJAB,Dera Ghazi Khan,NA,28.75,69.96,FALSE
9576,Badin,SINDH,Hyderabad,NA,24.49,68.9,FALSE
9577,Matli,SINDH,Hyderabad,NA,25.11,68.84,FALSE
9578,Golarchi,SINDH,Hyderabad,NA,24.63,68.56,FALSE
9579,Talhar,SINDH,Hyderabad,NA,24.88,68.88,FALSE
9580,Tando Bago,SINDH,Hyderabad,NA,24.79,69.12,FALSE
9581,Dadu,SINDH,Hyderabad,NA,26.8,67.79,FALSE
9582,Johi,SINDH,Hyderabad,NA,26.61,67.42,FALSE
9583,Khairpur Nathan Shah,SINDH,Hyderabad,NA,27.11,67.42,FALSE
9584,Mehar,SINDH,Hyderabad,NA,27.21,67.76,FALSE
9585,Daharki,SINDH,Sukkur,NA,27.81,69.83,FALSE
9586,Ghotki,SINDH,Sukkur,NA,28.02,69.35,FALSE
9587,Khangarh,SINDH,Sukkur,NA,27.59,69.55,FALSE
9588,Mirpur Mathelo,SINDH,Sukkur,NA,27.78,69.56,FALSE
9589,Ubauro,SINDH,Sukkur,NA,28.19,69.71,FALSE
9590,Garhi Khairo,SINDH,Larkana,NA,28.05,68.15,FALSE
9591,Jacobabad,SINDH,Larkana,NA,28.24,68.38,FALSE
9592,Thul,SINDH,Larkana,NA,28.28,68.72,FALSE
9593,Kotri,SINDH,Hyderabad,NA,25.52,68.15,FALSE
9594,Manjhand,SINDH,Hyderabad,NA,25.89,68.06,FALSE
9595,Sehwan Sharif,SINDH,Hyderabad,NA,26.24,67.7,FALSE
9596,Thano Bula Khan,SINDH,Hyderabad,NA,25.51,67.62,FALSE
9597,Qubo Saeed Khan,SINDH,Larkana,NA,27.81,67.58,FALSE
9598,Shahdad Kot,SINDH,Larkana,NA,27.91,67.93,FALSE
9599,Sijawal Junejo,SINDH,Larkana,NA,27.81,68.11,FALSE
9600,Meero Khan,SINDH,Larkana,NA,27.75,67.94,FALSE
9601,Nasir Abad,SINDH,Larkana,NA,27.39,67.94,FALSE
9602,Qambar Ali Khan,SINDH,Larkana,NA,27.57,67.58,FALSE
9603,Warah,SINDH,Larkana,NA,27.42,67.73,FALSE
9604,Mirpur Khas,SINDH,Mirpur Khas,NA,25.5,68.98,FALSE
9605,Digri,SINDH,Mirpur Khas,NA,25.14,69.1,FALSE
9606,Hussain Bux Muree,SINDH,Mirpur Khas,NA,25.62,68.96,FALSE
9607,Jhudo,SINDH,Mirpur Khas,NA,24.97,69.35,FALSE
9608,Kot Ghulam Muhammad,SINDH,Mirpur Khas,NA,25.27,69.23,FALSE
9609,Shuja Abad,SINDH,Mirpur Khas,NA,25.43,69.06,FALSE
9610,Sindhri,SINDH,Mirpur Khas,NA,25.67,69.18,FALSE
9611,Daulat Pur,SINDH,Shaheed Benazirabad,NA,26.43,68.06,FALSE
9612,Daur,SINDH,Shaheed Benazirabad,NA,26.43,68.52,FALSE
9613,Nawabshah,SINDH,Shaheed Benazirabad,NA,26.27,68.33,FALSE
9614,Sakrand,SINDH,Shaheed Benazirabad,NA,26.14,68.21,FALSE
9615,Kharo Chan,SINDH,Hyderabad,NA,23.98,67.61,FALSE
9616,Jati,SINDH,Hyderabad,NA,24.26,68.4,FALSE
9617,Mirpur Bathoro,SINDH,Hyderabad,NA,24.79,68.24,FALSE
9618,Shah Bunder,SINDH,Hyderabad,NA,24.06,67.98,FALSE
9619,Sujawal,SINDH,Hyderabad,NA,24.65,68.09,FALSE
9620,Dahli,SINDH,Mirpur Khas,NA,25.47,70.48,FALSE
9621,Diplo,SINDH,Mirpur Khas,NA,24.39,69.52,FALSE
9622,Nagar Parkar,SINDH,Mirpur Khas,NA,24.61,70.77,FALSE
9623,Kaloi,SINDH,Mirpur Khas,NA,24.66,69.41,FALSE
9624,Ghorabari,SINDH,Hyderabad,NA,24.37,67.69,FALSE
9625,Keti Bunder,SINDH,Hyderabad,NA,24.15,67.49,FALSE
9626,Mirpur Sakro,SINDH,Hyderabad,NA,24.59,67.54,FALSE
9627,Thatta,SINDH,Hyderabad,NA,25.02,67.95,FALSE
9628,Samaro,SINDH,Mirpur Khas,NA,25.32,69.43,FALSE
9629,Umer Kot,SINDH,Mirpur Khas,NA,25.44,69.94,FALSE
9630,Kunri,SINDH,Mirpur Khas,NA,25.08,69.55,FALSE
9631,Pithoro,SINDH,Mirpur Khas,NA,25.5,69.36,FALSE
