province,commodity,year,price_pkr,n_markets
NA,Wheat flour,2004,13.186833333333333,5
NA,"Rice (basmati, broken)",2004,19.626363636363635,5
NA,"Rice (basmati, broken)",2005,20.65101694915254,5
NA,Wheat flour,2005,13.278,5
NA,"Rice (basmati, broken)",2006,20.644150943396227,5
NA,Rice (coarse),2006,16.71964285714286,5
NA,Wheat flour,2006,13.307666666666666,5
NA,Wheat,2006,11.921739130434784,4
NA,"Rice (basmati, broken)",2007,30.585833333333333,5
NA,Rice (coarse),2007,21.64741379310345,5
NA,Wheat flour,2007,16.602166666666665,5
NA,Wheat,2007,13.578260869565218,4
NA,"Rice (basmati, broken)",2008,49.18,5
NA,Rice (coarse),2008,40.84189655172414,5
NA,Wheat flour,2008,24.2095,5
NA,Wheat,2008,21.690652173913044,4
NA,"Rice (basmati, broken)",2009,46.066964285714285,5
NA,Rice (coarse),2009,36.16452830188679,5
NA,Wheat flour,2009,27.402166666666666,5
NA,Wheat,2009,24.751363636363635,4
NA,"Rice (basmati, broken)",2010,47.382962962962964,5
NA,Rice (coarse),2010,36.65568965517242,5
NA,Wheat flour,2010,29.075593220338984,5
NA,Wheat,2010,25.351304347826087,4
NA,"Rice (basmati, broken)",2011,55.83543859649123,5
NA,Rice (coarse),2011,42.995862068965515,5
NA,Wheat flour,2011,29.870169491525424,5
NA,Wheat,2011,26.337391304347825,4
NA,"Rice (basmati, broken)",2012,67.63830508474577,5
NA,Rice (coarse),2012,47.452456140350876,5
NA,Wheat flour,2012,32.427166666666665,5
NA,Wheat,2012,28.325454545454544,4
NA,"Rice (basmati, broken)",2013,77.28821428571429,5
NA,Rice (coarse),2013,48.85109090909091,5
NA,Wheat flour,2013,39.03066666666667,5
NA,Poultry,2013,150.14864864864865,5
NA,Sugar,2013,54.16,4
NA,Ghee (artificial),2013,205.3175,5
NA,Wheat,2013,34.4531914893617,5
NA,Oil (cooking),2013,213.56666666666666,5
NA,Lentils (masur),2013,110.60333333333334,1
NA,"Rice (basmati, broken)",2014,79.75948275862069,5
NA,Rice (coarse),2014,51.23298245614035,5
NA,Wheat,2014,36.739411764705885,5
NA,Wheat flour,2014,41.47966666666667,5
NA,Poultry,2014,160.10701754385966,5
NA,Sugar,2014,55.34442307692308,5
NA,Ghee (artificial),2014,203.94034482758622,5
NA,Beans(mash),2014,146.9972549019608,5
NA,Lentils (masur),2014,129.5342105263158,5
NA,Oil (cooking),2014,214.94,5
NA,Salt,2014,10.2,5
NA,"Rice (basmati, broken)",2015,72.757,5
NA,Rice (coarse),2015,47.30392857142857,5
NA,Wheat,2015,34.398833333333336,5
NA,Wheat flour,2015,38.967,5
NA,Poultry,2015,152.94785714285715,5
NA,Salt,2015,10.276666666666667,5
NA,Sugar,2015,59.82037037037037,5
NA,Ghee (artificial),2015,185.45368421052632,5
NA,Lentils (masur),2015,142.11683333333335,5
NA,Oil (cooking),2015,188.56175438596492,5
NA,Beans(mash),2015,206.1581081081081,5
NA,Lentils (moong),2015,161.98268292682926,5
NA,"Rice (basmati, broken)",2016,65.97641509433963,5
NA,Rice (coarse),2016,44.905,5
NA,Wheat,2016,34.34827586206897,5
NA,Wheat flour,2016,39.13783333333333,5
NA,Poultry,2016,150.52701754385964,5
NA,Salt,2016,10.4,5
NA,Sugar,2016,66.40886792452831,5
NA,Ghee (artificial),2016,176.7201694915254,5
NA,Beans(mash),2016,255.89207547169812,5
NA,Lentils (masur),2016,149.6094827586207,5
NA,Lentils (moong),2016,150.32036363636362,5
NA,Oil (cooking),2016,182.28375,5
NA,"Rice (basmati, broken)",2017,75.02218181818182,5
NA,Rice (coarse),2017,47.487272727272725,5
NA,Wheat,2017,33.93859649122807,5
NA,Wheat flour,2017,38.73316666666667,5
NA,Poultry,2017,147.49224137931034,5
NA,Salt,2017,10.7375,5
NA,Sugar,2017,58.54245283018868,5
NA,Ghee (artificial),2017,182.98983050847457,5
NA,Oil (cooking),2017,185.89122807017543,5
NA,Beans(mash),2017,178.66192307692307,5
NA,Lentils (masur),2017,117.36220338983051,5
NA,Lentils (moong),2017,118.31,5
NA,"Rice (basmati, broken)",2018,83.0580701754386,5
NA,Rice (coarse),2018,52.1351724137931,5
NA,Wheat,2018,34.68896551724138,5
NA,Wheat flour,2018,39.3255,5
NA,Poultry,2018,168.66118644067797,5
NA,Salt,2018,11.9875,5
NA,Sugar,2018,54.36298245614035,5
NA,Ghee (artificial),2018,188.9591379310345,5
NA,Oil (cooking),2018,191.40847457627117,5
NA,Beans(mash),2018,149.62581818181818,5
NA,Lentils (masur),2018,110.75327586206896,5
NA,Lentils (moong),2018,120.27296296296296,5
NA,"Rice (basmati, broken)",2019,88.70092592592593,5
NA,Rice (coarse),2019,61.5521052631579,5
NA,Wheat,2019,37.475,5
NA,Wheat flour,2019,42.736779661016946,5
NA,Poultry,2019,175.8703448275862,5
NA,Sugar,2019,69.05490196078432,5
NA,Ghee (artificial),2019,207.86568965517242,5
NA,Beans(mash),2019,180.46770833333332,5
NA,Lentils (masur),2019,124.07793103448276,5
NA,Lentils (moong),2019,161.49280701754387,5
NA,Oil (cooking),2019,217.3077966101695,5
NA,"Rice (basmati, broken)",2020,92.83,5
NA,Rice (coarse),2020,69.83982142857143,5
NA,Wheat,2020,49.830862068965516,5
NA,Wheat flour,2020,50.74733333333333,5
NA,Poultry,2020,180.1644827586207,5
NA,Sugar,2020,87.52641509433963,5
NA,Ghee (artificial),2020,254.23642857142858,5
NA,Oil (cooking),2020,253.45472727272727,5
NA,Beans(mash),2020,244.90375,5
NA,Lentils (masur),2020,150.9458620689655,5
NA,Lentils (moong),2020,247.20517857142858,5
NA,"Rice (basmati, broken)",2021,99.4954716981132,5
NA,Rice (coarse),2021,73.07517857142857,5
NA,Wheat,2021,56.27965517241379,5
NA,Wheat flour,2021,55.99762711864407,5
NA,Poultry,2021,232.1121052631579,5
NA,Sugar,2021,100.20981481481482,5
NA,Ghee (artificial),2021,330.51372881355934,5
NA,Beans(mash),2021,257.75072727272726,5
NA,Lentils (masur),2021,167.67,5
NA,Lentils (moong),2021,208.7933898305085,5
NA,Oil (cooking),2021,329.0810714285714,5
NA,"Rice (basmati, broken)",2022,124.74631578947368,5
NA,Rice (coarse),2022,84.02368421052631,5
NA,Wheat,2022,72.96122807017544,5
NA,Wheat flour,2022,69.7977966101695,5
NA,Poultry,2022,282.63224137931036,5
NA,Sugar,2022,89.75759259259259,5
NA,Ghee (artificial),2022,511.76457627118646,5
NA,Oil (cooking),2022,513.7424561403509,5
NA,Beans(mash),2022,332.174,5
NA,Lentils (masur),2022,265.79017543859646,5
NA,Lentils (moong),2022,205.43267857142857,5
NA,"Rice (basmati, broken)",2023,222.56785714285715,5
NA,Rice (coarse),2023,145.3453237037037,5
NA,Wheat,2023,120.87983333333334,5
NA,Wheat flour,2023,128.29670711864406,5
NA,Poultry,2023,403.75142857142856,5
NA,Sugar,2023,132.49882352941177,5
NA,Ghee (artificial),2023,575.2717660344828,5
NA,Oil (cooking),2023,615.3998955555555,5
NA,Beans(mash),2023,491.71408163265306,5
NA,Lentils (masur),2023,295.5141379310345,5
NA,Lentils (moong),2023,281.46527272727275,5
NA,"Rice (basmati, broken)",2024,234.238,5
NA,Rice (coarse),2024,170.59561403508772,5
NA,Wheat,2024,94.85625,5
NA,Wheat flour,2024,106.259,5
NA,Poultry,2024,413.8688296428571,5
NA,Sugar,2024,144.28425925925927,5
NA,Ghee (artificial),2024,527.7773214285714,5
NA,Beans(mash),2024,558.7363333962264,5
NA,Lentils (masur),2024,325.1920542372881,5
NA,Lentils (moong),2024,336.13509433962264,5
NA,Oil (cooking),2024,535.9361818181818,5
NA,"Rice (basmati, broken)",2025,235.1809090909091,5
NA,Rice (coarse),2025,157.2992793220339,5
NA,Wheat,2025,81.332,5
NA,Wheat flour,2025,91.44762711864406,5
NA,Poultry,2025,420.34280701754386,5
NA,Sugar,2025,175.4244709090909,5
NA,Ghee (artificial),2025,585.2610344827586,5
NA,Oil (cooking),2025,580.8,5
NA,Beans(mash),2025,456.4321153846154,5
NA,Lentils (masur),2025,304.3472881355932,5
NA,Lentils (moong),2025,397.79117647058825,5
NA,"Rice (basmati, broken)",2026,242.13636363636363,5
NA,Rice (coarse),2026,152,5
NA,Wheat,2026,112.66666666666667,5
NA,Wheat flour,2026,115.76,5
NA,Poultry,2026,401.0869565217391,5
NA,Sugar,2026,155.52173913043478,5
NA,Ghee (artificial),2026,613.76,5
NA,Beans(mash),2026,466.2608695652174,5
NA,Lentils (gram),2026,254.7504,5
NA,Lentils (masur),2026,273.69565217391306,5
NA,Lentils (moong),2026,399.7478615,4
NA,Oil (cooking),2026,601.5,5
